,Var1,Var2,value
1,STnc3800,Xenorhabdus,NA
2,STnc1310,Xenorhabdus,NA
3,STnc1280,Xenorhabdus,NA
4,STnc2080,Xenorhabdus,NA
5,STnc1920,Xenorhabdus,NA
6,STnc1740,Xenorhabdus,NA
7,STnc2160,Xenorhabdus,NA
8,STnc400,Xenorhabdus,NA
9,STnc4130,Xenorhabdus,NA
10,STnc3170,Xenorhabdus,NA
11,STnc1400,Xenorhabdus,NA
12,STnc4100,Xenorhabdus,NA
13,IsrB‑1,Xenorhabdus,NA
14,IsrB‑2,Xenorhabdus,NA
15,STnc1480,Xenorhabdus,NA
16,STnc1080,Xenorhabdus,NA
17,STnc1390,Xenorhabdus,NA
18,IsrF,Xenorhabdus,NA
19,STnc3300,Xenorhabdus,NA
20,IsrJ,Xenorhabdus,NA
21,STnc3060,Xenorhabdus,NA
22,IsrC,Xenorhabdus,NA
23,STnc780,Xenorhabdus,NA
24,STnc750,Xenorhabdus,NA
25,STnc1710,Xenorhabdus,NA
26,STnc3920,Xenorhabdus,NA
27,STnc4070,Xenorhabdus,NA
28,STnc290,Xenorhabdus,NA
29,STnc3200,Xenorhabdus,NA
30,STnc2050,Xenorhabdus,NA
31,STnc500,Xenorhabdus,NA
32,STnc3760,Xenorhabdus,NA
33,STnc1700,Xenorhabdus,NA
34,IsrP,Xenorhabdus,NA
35,STnc3530,Xenorhabdus,NA
36,STnc1150,Xenorhabdus,NA
37,STnc3630,Xenorhabdus,NA
38,STnc3890,Xenorhabdus,NA
39,STnc1760,Xenorhabdus,NA
40,STnc380,Xenorhabdus,NA
41,STnc1890,Xenorhabdus,NA
42,STnc3280,Xenorhabdus,NA
43,IsrD,Xenorhabdus,NA
44,STnc4110,Xenorhabdus,NA
45,IsrH_1_2,Xenorhabdus,NA
46,STnc070,Xenorhabdus,NA
47,STnc3180,Xenorhabdus,NA
48,STnc3500,Xenorhabdus,NA
49,STnc3420,Xenorhabdus,NA
50,STnc3990,Xenorhabdus,NA
51,STnc3030,Xenorhabdus,NA
52,STnc3740,Xenorhabdus,NA
53,STnc950,Xenorhabdus,NA
54,STnc4260,Xenorhabdus,NA
55,STnc470,Xenorhabdus,NA
56,STnc310,Xenorhabdus,NA
57,STnc1990,Xenorhabdus,NA
58,STnc3330,Xenorhabdus,NA
59,IsrO,Xenorhabdus,NA
60,STnc760,Xenorhabdus,NA
61,STnc1690,Xenorhabdus,NA
62,IsrQ,Xenorhabdus,NA
63,STnc4210,Xenorhabdus,NA
64,STnc3230,Xenorhabdus,NA
65,STnc440,Xenorhabdus,NA
66,STnc3750,Xenorhabdus,NA
67,sRNA1,Xenorhabdus,NA
68,STnc2030,Xenorhabdus,NA
69,InvR,Xenorhabdus,NA
70,STnc890,Xenorhabdus,NA
71,STnc1600,Xenorhabdus,NA
72,STnc1880,Xenorhabdus,NA
73,STnc3620,Xenorhabdus,NA
74,STnc3580,Xenorhabdus,NA
75,STnc1870,Xenorhabdus,NA
76,STnc3050,Xenorhabdus,NA
77,STnc3090,Xenorhabdus,NA
78,STnc4160,Xenorhabdus,NA
79,STnc340,Xenorhabdus,NA
80,STnc980,Xenorhabdus,NA
81,STnc3610,Xenorhabdus,NA
82,STnc3350,Xenorhabdus,NA
83,sRNA9,Xenorhabdus,NA
84,STnc3640,Xenorhabdus,NA
85,RseX,Xenorhabdus,NA
86,STnc3970,Xenorhabdus,NA
87,STnc1010,Xenorhabdus,NA
88,STnc3480,Xenorhabdus,NA
89,STnc150,Xenorhabdus,NA
90,STnc3830,Xenorhabdus,NA
91,STnc740,Xenorhabdus,NA
92,STnc1510,Xenorhabdus,NA
93,STnc540,Xenorhabdus,NA
94,STnc1500,Xenorhabdus,NA
95,STnc1650,Xenorhabdus,NA
96,STnc2110,Xenorhabdus,NA
97,STnc3010,Xenorhabdus,NA
98,RyjB,Xenorhabdus,NA
99,STnc3040,Xenorhabdus,NA
100,STnc810,Xenorhabdus,NA
101,IsrK,Xenorhabdus,NA
102,RybD,Xenorhabdus,NA
103,STnc1210,Xenorhabdus,NA
104,STnc1470,Xenorhabdus,NA
105,STnc3150,Xenorhabdus,NA
106,STnc3340,Xenorhabdus,NA
107,STnc3720,Xenorhabdus,NA
108,STnc1200,Xenorhabdus,74
109,STnc480,Xenorhabdus,NA
110,STnc1160,Xenorhabdus,NA
111,STnc350,Xenorhabdus,NA
112,STnc4000,Xenorhabdus,NA
113,STnc3250,Xenorhabdus,NA
114,STnc3570,Xenorhabdus,NA
115,STnc4170,Xenorhabdus,NA
116,STnc3730,Xenorhabdus,NA
117,RydC,Xenorhabdus,NA
118,STnc1030,Xenorhabdus,63.5
119,STnc1060,Xenorhabdus,NA
120,STnc490,Xenorhabdus,NA
121,STnc1180,Xenorhabdus,NA
122,RygD,Xenorhabdus,NA
123,RygC,Xenorhabdus,NA
124,STnc710,Xenorhabdus,NA
125,SraB,Xenorhabdus,NA
126,STnc520,Xenorhabdus,NA
127,STnc1110,Xenorhabdus,NA
128,STnc3390,Xenorhabdus,NA
129,STnc630,Xenorhabdus,NA
130,IsrN,Xenorhabdus,NA
131,RyeC,Xenorhabdus,NA
132,RydB,Xenorhabdus,NA
133,STnc2040,Xenorhabdus,NA
134,STnc840,Xenorhabdus,NA
135,DapZ,Xenorhabdus,NA
136,STnc2070,Xenorhabdus,NA
137,sRNA12,Xenorhabdus,NA
138,STnc1420,Xenorhabdus,NA
139,STnc1460,Xenorhabdus,NA
140,STnc3160,Xenorhabdus,NA
141,sRNA10,Xenorhabdus,NA
142,MgrR,Xenorhabdus,NA
143,RyfA,Xenorhabdus,NA
144,STnc920,Xenorhabdus,NA
145,MicC,Xenorhabdus,NA
146,STnc1380,Xenorhabdus,77.2
147,STnc1560,Xenorhabdus,NA
148,tp2,Xenorhabdus,NA
149,STnc3130,Xenorhabdus,NA
150,C0664,Xenorhabdus,NA
151,STnc4010,Xenorhabdus,NA
152,STnc1640,Xenorhabdus,NA
153,STnc3870,Xenorhabdus,NA
154,RybA,Xenorhabdus,NA
155,IstR‑1_2,Xenorhabdus,NA
156,STnc3000,Xenorhabdus,NA
157,SraL,Xenorhabdus,NA
158,STnc850,Xenorhabdus,NA
159,STnc4180,Xenorhabdus,NA
160,STnc1670,Xenorhabdus,NA
161,STnc1860,Xenorhabdus,NA
162,STnc2100,Xenorhabdus,NA
163,STnc1040,Xenorhabdus,NA
164,OxyS,Xenorhabdus,NA
165,MicF,Xenorhabdus,NA
166,DsrA,Xenorhabdus,NA
167,STnc200,Xenorhabdus,NA
168,STnc880,Xenorhabdus,NA
169,tpke70,Xenorhabdus,NA
170,STnc1340,Xenorhabdus,NA
171,STnc3850,Xenorhabdus,NA
172,ChiX,Xenorhabdus,NA
173,STnc2180,Xenorhabdus,NA
174,SroC,Xenorhabdus,NA
175,STnc4080,Xenorhabdus,NA
176,OmrB,Xenorhabdus,NA
177,t44,Xenorhabdus,NA
178,CyaR,Xenorhabdus,61.5
179,RyhB‑1,Xenorhabdus,65.2
180,STnc2130,Xenorhabdus,NA
181,RprA,Xenorhabdus,NA
182,ArcZ,Xenorhabdus,68
183,SraA,Xenorhabdus,NA
184,tpke11,Xenorhabdus,75.3333333333333
185,SraF,Xenorhabdus,NA
186,STnc800,Xenorhabdus,59.3333333333333
187,STnc790,Xenorhabdus,64
188,OmrA,Xenorhabdus,NA
189,CsrB,Xenorhabdus,NA
190,FnrS,Xenorhabdus,NA
191,GlmZ,Xenorhabdus,62
192,MicA,Xenorhabdus,NA
193,STnc870,Xenorhabdus,84
194,SdsR,Xenorhabdus,74.6666666666667
195,SroG,Xenorhabdus,59.25
196,SraG,Xenorhabdus,63.8
197,STnc700,Xenorhabdus,82.2
198,Spf,Xenorhabdus,94
199,GlmY,Xenorhabdus,69.4
200,GcvB,Xenorhabdus,76.8
201,STnc3800,Edwardsiella,NA
202,STnc1310,Edwardsiella,NA
203,STnc1280,Edwardsiella,NA
204,STnc2080,Edwardsiella,NA
205,STnc1920,Edwardsiella,NA
206,STnc1740,Edwardsiella,NA
207,STnc2160,Edwardsiella,NA
208,STnc400,Edwardsiella,NA
209,STnc4130,Edwardsiella,NA
210,STnc3170,Edwardsiella,NA
211,STnc1400,Edwardsiella,NA
212,STnc4100,Edwardsiella,NA
213,IsrB‑1,Edwardsiella,NA
214,IsrB‑2,Edwardsiella,NA
215,STnc1480,Edwardsiella,NA
216,STnc1080,Edwardsiella,NA
217,STnc1390,Edwardsiella,NA
218,IsrF,Edwardsiella,NA
219,STnc3300,Edwardsiella,NA
220,IsrJ,Edwardsiella,NA
221,STnc3060,Edwardsiella,NA
222,IsrC,Edwardsiella,NA
223,STnc780,Edwardsiella,NA
224,STnc750,Edwardsiella,NA
225,STnc1710,Edwardsiella,NA
226,STnc3920,Edwardsiella,NA
227,STnc4070,Edwardsiella,NA
228,STnc290,Edwardsiella,NA
229,STnc3200,Edwardsiella,NA
230,STnc2050,Edwardsiella,NA
231,STnc500,Edwardsiella,NA
232,STnc3760,Edwardsiella,NA
233,STnc1700,Edwardsiella,NA
234,IsrP,Edwardsiella,NA
235,STnc3530,Edwardsiella,NA
236,STnc1150,Edwardsiella,NA
237,STnc3630,Edwardsiella,NA
238,STnc3890,Edwardsiella,NA
239,STnc1760,Edwardsiella,NA
240,STnc380,Edwardsiella,NA
241,STnc1890,Edwardsiella,NA
242,STnc3280,Edwardsiella,NA
243,IsrD,Edwardsiella,NA
244,STnc4110,Edwardsiella,NA
245,IsrH_1_2,Edwardsiella,NA
246,STnc070,Edwardsiella,NA
247,STnc3180,Edwardsiella,NA
248,STnc3500,Edwardsiella,NA
249,STnc3420,Edwardsiella,NA
250,STnc3990,Edwardsiella,NA
251,STnc3030,Edwardsiella,NA
252,STnc3740,Edwardsiella,NA
253,STnc950,Edwardsiella,NA
254,STnc4260,Edwardsiella,NA
255,STnc470,Edwardsiella,NA
256,STnc310,Edwardsiella,NA
257,STnc1990,Edwardsiella,NA
258,STnc3330,Edwardsiella,NA
259,IsrO,Edwardsiella,NA
260,STnc760,Edwardsiella,NA
261,STnc1690,Edwardsiella,NA
262,IsrQ,Edwardsiella,NA
263,STnc4210,Edwardsiella,NA
264,STnc3230,Edwardsiella,NA
265,STnc440,Edwardsiella,NA
266,STnc3750,Edwardsiella,NA
267,sRNA1,Edwardsiella,NA
268,STnc2030,Edwardsiella,NA
269,InvR,Edwardsiella,NA
270,STnc890,Edwardsiella,NA
271,STnc1600,Edwardsiella,NA
272,STnc1880,Edwardsiella,NA
273,STnc3620,Edwardsiella,NA
274,STnc3580,Edwardsiella,NA
275,STnc1870,Edwardsiella,NA
276,STnc3050,Edwardsiella,NA
277,STnc3090,Edwardsiella,NA
278,STnc4160,Edwardsiella,NA
279,STnc340,Edwardsiella,NA
280,STnc980,Edwardsiella,NA
281,STnc3610,Edwardsiella,NA
282,STnc3350,Edwardsiella,NA
283,sRNA9,Edwardsiella,NA
284,STnc3640,Edwardsiella,NA
285,RseX,Edwardsiella,NA
286,STnc3970,Edwardsiella,NA
287,STnc1010,Edwardsiella,NA
288,STnc3480,Edwardsiella,NA
289,STnc150,Edwardsiella,NA
290,STnc3830,Edwardsiella,NA
291,STnc740,Edwardsiella,NA
292,STnc1510,Edwardsiella,NA
293,STnc540,Edwardsiella,NA
294,STnc1500,Edwardsiella,NA
295,STnc1650,Edwardsiella,NA
296,STnc2110,Edwardsiella,NA
297,STnc3010,Edwardsiella,NA
298,RyjB,Edwardsiella,NA
299,STnc3040,Edwardsiella,NA
300,STnc810,Edwardsiella,NA
301,IsrK,Edwardsiella,48
302,RybD,Edwardsiella,NA
303,STnc1210,Edwardsiella,NA
304,STnc1470,Edwardsiella,NA
305,STnc3150,Edwardsiella,NA
306,STnc3340,Edwardsiella,NA
307,STnc3720,Edwardsiella,NA
308,STnc1200,Edwardsiella,81
309,STnc480,Edwardsiella,NA
310,STnc1160,Edwardsiella,73
311,STnc350,Edwardsiella,NA
312,STnc4000,Edwardsiella,NA
313,STnc3250,Edwardsiella,NA
314,STnc3570,Edwardsiella,NA
315,STnc4170,Edwardsiella,NA
316,STnc3730,Edwardsiella,NA
317,RydC,Edwardsiella,NA
318,STnc1030,Edwardsiella,NA
319,STnc1060,Edwardsiella,NA
320,STnc490,Edwardsiella,95.6666666666667
321,STnc1180,Edwardsiella,NA
322,RygD,Edwardsiella,NA
323,RygC,Edwardsiella,NA
324,STnc710,Edwardsiella,NA
325,SraB,Edwardsiella,NA
326,STnc520,Edwardsiella,NA
327,STnc1110,Edwardsiella,NA
328,STnc3390,Edwardsiella,NA
329,STnc630,Edwardsiella,NA
330,IsrN,Edwardsiella,93.5
331,RyeC,Edwardsiella,NA
332,RydB,Edwardsiella,NA
333,STnc2040,Edwardsiella,NA
334,STnc840,Edwardsiella,NA
335,DapZ,Edwardsiella,NA
336,STnc2070,Edwardsiella,NA
337,sRNA12,Edwardsiella,NA
338,STnc1420,Edwardsiella,NA
339,STnc1460,Edwardsiella,NA
340,STnc3160,Edwardsiella,NA
341,sRNA10,Edwardsiella,NA
342,MgrR,Edwardsiella,NA
343,RyfA,Edwardsiella,NA
344,STnc920,Edwardsiella,NA
345,MicC,Edwardsiella,NA
346,STnc1380,Edwardsiella,86.5
347,STnc1560,Edwardsiella,NA
348,tp2,Edwardsiella,NA
349,STnc3130,Edwardsiella,NA
350,C0664,Edwardsiella,NA
351,STnc4010,Edwardsiella,NA
352,STnc1640,Edwardsiella,NA
353,STnc3870,Edwardsiella,NA
354,RybA,Edwardsiella,NA
355,IstR‑1_2,Edwardsiella,NA
356,STnc3000,Edwardsiella,NA
357,SraL,Edwardsiella,NA
358,STnc850,Edwardsiella,NA
359,STnc4180,Edwardsiella,NA
360,STnc1670,Edwardsiella,NA
361,STnc1860,Edwardsiella,NA
362,STnc2100,Edwardsiella,NA
363,STnc1040,Edwardsiella,85
364,OxyS,Edwardsiella,NA
365,MicF,Edwardsiella,NA
366,DsrA,Edwardsiella,NA
367,STnc200,Edwardsiella,NA
368,STnc880,Edwardsiella,NA
369,tpke70,Edwardsiella,NA
370,STnc1340,Edwardsiella,NA
371,STnc3850,Edwardsiella,NA
372,ChiX,Edwardsiella,NA
373,STnc2180,Edwardsiella,NA
374,SroC,Edwardsiella,NA
375,STnc4080,Edwardsiella,59
376,OmrB,Edwardsiella,72.8
377,t44,Edwardsiella,66.4
378,CyaR,Edwardsiella,59
379,RyhB‑1,Edwardsiella,NA
380,STnc2130,Edwardsiella,73
381,RprA,Edwardsiella,NA
382,ArcZ,Edwardsiella,NA
383,SraA,Edwardsiella,NA
384,tpke11,Edwardsiella,NA
385,SraF,Edwardsiella,76
386,STnc800,Edwardsiella,NA
387,STnc790,Edwardsiella,NA
388,OmrA,Edwardsiella,75.8
389,CsrB,Edwardsiella,63.2
390,FnrS,Edwardsiella,80.8
391,GlmZ,Edwardsiella,67.8
392,MicA,Edwardsiella,77.6
393,STnc870,Edwardsiella,92.8
394,SdsR,Edwardsiella,76
395,SroG,Edwardsiella,86.6
396,SraG,Edwardsiella,60.2
397,STnc700,Edwardsiella,80.2
398,Spf,Edwardsiella,97.8
399,GlmY,Edwardsiella,68.6
400,GcvB,Edwardsiella,77.8
401,STnc3800,Dickeya,NA
402,STnc1310,Dickeya,NA
403,STnc1280,Dickeya,NA
404,STnc2080,Dickeya,NA
405,STnc1920,Dickeya,NA
406,STnc1740,Dickeya,NA
407,STnc2160,Dickeya,NA
408,STnc400,Dickeya,NA
409,STnc4130,Dickeya,NA
410,STnc3170,Dickeya,NA
411,STnc1400,Dickeya,NA
412,STnc4100,Dickeya,NA
413,IsrB‑1,Dickeya,NA
414,IsrB‑2,Dickeya,NA
415,STnc1480,Dickeya,NA
416,STnc1080,Dickeya,NA
417,STnc1390,Dickeya,NA
418,IsrF,Dickeya,NA
419,STnc3300,Dickeya,NA
420,IsrJ,Dickeya,NA
421,STnc3060,Dickeya,NA
422,IsrC,Dickeya,NA
423,STnc780,Dickeya,NA
424,STnc750,Dickeya,NA
425,STnc1710,Dickeya,NA
426,STnc3920,Dickeya,NA
427,STnc4070,Dickeya,NA
428,STnc290,Dickeya,NA
429,STnc3200,Dickeya,NA
430,STnc2050,Dickeya,NA
431,STnc500,Dickeya,NA
432,STnc3760,Dickeya,NA
433,STnc1700,Dickeya,NA
434,IsrP,Dickeya,NA
435,STnc3530,Dickeya,NA
436,STnc1150,Dickeya,NA
437,STnc3630,Dickeya,NA
438,STnc3890,Dickeya,NA
439,STnc1760,Dickeya,NA
440,STnc380,Dickeya,NA
441,STnc1890,Dickeya,NA
442,STnc3280,Dickeya,NA
443,IsrD,Dickeya,NA
444,STnc4110,Dickeya,NA
445,IsrH_1_2,Dickeya,NA
446,STnc070,Dickeya,NA
447,STnc3180,Dickeya,NA
448,STnc3500,Dickeya,NA
449,STnc3420,Dickeya,NA
450,STnc3990,Dickeya,NA
451,STnc3030,Dickeya,NA
452,STnc3740,Dickeya,NA
453,STnc950,Dickeya,NA
454,STnc4260,Dickeya,NA
455,STnc470,Dickeya,NA
456,STnc310,Dickeya,NA
457,STnc1990,Dickeya,NA
458,STnc3330,Dickeya,NA
459,IsrO,Dickeya,NA
460,STnc760,Dickeya,NA
461,STnc1690,Dickeya,NA
462,IsrQ,Dickeya,NA
463,STnc4210,Dickeya,NA
464,STnc3230,Dickeya,NA
465,STnc440,Dickeya,NA
466,STnc3750,Dickeya,NA
467,sRNA1,Dickeya,NA
468,STnc2030,Dickeya,NA
469,InvR,Dickeya,NA
470,STnc890,Dickeya,NA
471,STnc1600,Dickeya,NA
472,STnc1880,Dickeya,NA
473,STnc3620,Dickeya,NA
474,STnc3580,Dickeya,NA
475,STnc1870,Dickeya,NA
476,STnc3050,Dickeya,NA
477,STnc3090,Dickeya,NA
478,STnc4160,Dickeya,NA
479,STnc340,Dickeya,NA
480,STnc980,Dickeya,NA
481,STnc3610,Dickeya,NA
482,STnc3350,Dickeya,NA
483,sRNA9,Dickeya,NA
484,STnc3640,Dickeya,NA
485,RseX,Dickeya,NA
486,STnc3970,Dickeya,NA
487,STnc1010,Dickeya,NA
488,STnc3480,Dickeya,NA
489,STnc150,Dickeya,NA
490,STnc3830,Dickeya,NA
491,STnc740,Dickeya,NA
492,STnc1510,Dickeya,NA
493,STnc540,Dickeya,NA
494,STnc1500,Dickeya,NA
495,STnc1650,Dickeya,NA
496,STnc2110,Dickeya,NA
497,STnc3010,Dickeya,NA
498,RyjB,Dickeya,NA
499,STnc3040,Dickeya,NA
500,STnc810,Dickeya,NA
501,IsrK,Dickeya,77
502,RybD,Dickeya,NA
503,STnc1210,Dickeya,NA
504,STnc1470,Dickeya,NA
505,STnc3150,Dickeya,NA
506,STnc3340,Dickeya,NA
507,STnc3720,Dickeya,NA
508,STnc1200,Dickeya,75
509,STnc480,Dickeya,NA
510,STnc1160,Dickeya,80.3333333333333
511,STnc350,Dickeya,NA
512,STnc4000,Dickeya,NA
513,STnc3250,Dickeya,NA
514,STnc3570,Dickeya,NA
515,STnc4170,Dickeya,74.6666666666667
516,STnc3730,Dickeya,NA
517,RydC,Dickeya,NA
518,STnc1030,Dickeya,67.3333333333333
519,STnc1060,Dickeya,NA
520,STnc490,Dickeya,95.3333333333333
521,STnc1180,Dickeya,NA
522,RygD,Dickeya,NA
523,RygC,Dickeya,NA
524,STnc710,Dickeya,NA
525,SraB,Dickeya,NA
526,STnc520,Dickeya,NA
527,STnc1110,Dickeya,NA
528,STnc3390,Dickeya,NA
529,STnc630,Dickeya,NA
530,IsrN,Dickeya,67.5
531,RyeC,Dickeya,NA
532,RydB,Dickeya,NA
533,STnc2040,Dickeya,NA
534,STnc840,Dickeya,NA
535,DapZ,Dickeya,NA
536,STnc2070,Dickeya,NA
537,sRNA12,Dickeya,NA
538,STnc1420,Dickeya,NA
539,STnc1460,Dickeya,NA
540,STnc3160,Dickeya,NA
541,sRNA10,Dickeya,NA
542,MgrR,Dickeya,NA
543,RyfA,Dickeya,NA
544,STnc920,Dickeya,NA
545,MicC,Dickeya,NA
546,STnc1380,Dickeya,85.6666666666667
547,STnc1560,Dickeya,NA
548,tp2,Dickeya,NA
549,STnc3130,Dickeya,NA
550,C0664,Dickeya,NA
551,STnc4010,Dickeya,NA
552,STnc1640,Dickeya,NA
553,STnc3870,Dickeya,67.5
554,RybA,Dickeya,NA
555,IstR‑1_2,Dickeya,NA
556,STnc3000,Dickeya,NA
557,SraL,Dickeya,NA
558,STnc850,Dickeya,NA
559,STnc4180,Dickeya,NA
560,STnc1670,Dickeya,NA
561,STnc1860,Dickeya,NA
562,STnc2100,Dickeya,NA
563,STnc1040,Dickeya,94.3333333333333
564,OxyS,Dickeya,NA
565,MicF,Dickeya,NA
566,DsrA,Dickeya,NA
567,STnc200,Dickeya,NA
568,STnc880,Dickeya,NA
569,tpke70,Dickeya,NA
570,STnc1340,Dickeya,NA
571,STnc3850,Dickeya,NA
572,ChiX,Dickeya,NA
573,STnc2180,Dickeya,NA
574,SroC,Dickeya,65
575,STnc4080,Dickeya,NA
576,OmrB,Dickeya,NA
577,t44,Dickeya,NA
578,CyaR,Dickeya,72.3333333333333
579,RyhB‑1,Dickeya,NA
580,STnc2130,Dickeya,NA
581,RprA,Dickeya,NA
582,ArcZ,Dickeya,62.2
583,SraA,Dickeya,63.5
584,tpke11,Dickeya,73
585,SraF,Dickeya,72.8333333333333
586,STnc800,Dickeya,62.6666666666667
587,STnc790,Dickeya,67
588,OmrA,Dickeya,78.1666666666667
589,CsrB,Dickeya,54
590,FnrS,Dickeya,93.1666666666667
591,GlmZ,Dickeya,71.8333333333333
592,MicA,Dickeya,79
593,STnc870,Dickeya,85.3333333333333
594,SdsR,Dickeya,84.5
595,SroG,Dickeya,82.3333333333333
596,SraG,Dickeya,66.5
597,STnc700,Dickeya,85
598,Spf,Dickeya,93.3333333333333
599,GlmY,Dickeya,62.8333333333333
600,GcvB,Dickeya,78.1666666666667
601,STnc3800,Pectobacterium,NA
602,STnc1310,Pectobacterium,NA
603,STnc1280,Pectobacterium,NA
604,STnc2080,Pectobacterium,NA
605,STnc1920,Pectobacterium,NA
606,STnc1740,Pectobacterium,NA
607,STnc2160,Pectobacterium,NA
608,STnc400,Pectobacterium,NA
609,STnc4130,Pectobacterium,NA
610,STnc3170,Pectobacterium,NA
611,STnc1400,Pectobacterium,NA
612,STnc4100,Pectobacterium,NA
613,IsrB‑1,Pectobacterium,NA
614,IsrB‑2,Pectobacterium,NA
615,STnc1480,Pectobacterium,NA
616,STnc1080,Pectobacterium,NA
617,STnc1390,Pectobacterium,NA
618,IsrF,Pectobacterium,NA
619,STnc3300,Pectobacterium,NA
620,IsrJ,Pectobacterium,77
621,STnc3060,Pectobacterium,NA
622,IsrC,Pectobacterium,NA
623,STnc780,Pectobacterium,NA
624,STnc750,Pectobacterium,NA
625,STnc1710,Pectobacterium,NA
626,STnc3920,Pectobacterium,NA
627,STnc4070,Pectobacterium,NA
628,STnc290,Pectobacterium,NA
629,STnc3200,Pectobacterium,NA
630,STnc2050,Pectobacterium,NA
631,STnc500,Pectobacterium,NA
632,STnc3760,Pectobacterium,NA
633,STnc1700,Pectobacterium,NA
634,IsrP,Pectobacterium,NA
635,STnc3530,Pectobacterium,NA
636,STnc1150,Pectobacterium,NA
637,STnc3630,Pectobacterium,NA
638,STnc3890,Pectobacterium,NA
639,STnc1760,Pectobacterium,NA
640,STnc380,Pectobacterium,NA
641,STnc1890,Pectobacterium,NA
642,STnc3280,Pectobacterium,NA
643,IsrD,Pectobacterium,NA
644,STnc4110,Pectobacterium,NA
645,IsrH_1_2,Pectobacterium,NA
646,STnc070,Pectobacterium,NA
647,STnc3180,Pectobacterium,NA
648,STnc3500,Pectobacterium,NA
649,STnc3420,Pectobacterium,NA
650,STnc3990,Pectobacterium,NA
651,STnc3030,Pectobacterium,NA
652,STnc3740,Pectobacterium,NA
653,STnc950,Pectobacterium,NA
654,STnc4260,Pectobacterium,NA
655,STnc470,Pectobacterium,NA
656,STnc310,Pectobacterium,NA
657,STnc1990,Pectobacterium,NA
658,STnc3330,Pectobacterium,NA
659,IsrO,Pectobacterium,NA
660,STnc760,Pectobacterium,NA
661,STnc1690,Pectobacterium,NA
662,IsrQ,Pectobacterium,NA
663,STnc4210,Pectobacterium,NA
664,STnc3230,Pectobacterium,NA
665,STnc440,Pectobacterium,NA
666,STnc3750,Pectobacterium,NA
667,sRNA1,Pectobacterium,NA
668,STnc2030,Pectobacterium,NA
669,InvR,Pectobacterium,NA
670,STnc890,Pectobacterium,NA
671,STnc1600,Pectobacterium,NA
672,STnc1880,Pectobacterium,NA
673,STnc3620,Pectobacterium,NA
674,STnc3580,Pectobacterium,NA
675,STnc1870,Pectobacterium,NA
676,STnc3050,Pectobacterium,NA
677,STnc3090,Pectobacterium,NA
678,STnc4160,Pectobacterium,NA
679,STnc340,Pectobacterium,NA
680,STnc980,Pectobacterium,NA
681,STnc3610,Pectobacterium,NA
682,STnc3350,Pectobacterium,NA
683,sRNA9,Pectobacterium,NA
684,STnc3640,Pectobacterium,NA
685,RseX,Pectobacterium,NA
686,STnc3970,Pectobacterium,NA
687,STnc1010,Pectobacterium,NA
688,STnc3480,Pectobacterium,NA
689,STnc150,Pectobacterium,NA
690,STnc3830,Pectobacterium,NA
691,STnc740,Pectobacterium,NA
692,STnc1510,Pectobacterium,NA
693,STnc540,Pectobacterium,NA
694,STnc1500,Pectobacterium,NA
695,STnc1650,Pectobacterium,NA
696,STnc2110,Pectobacterium,NA
697,STnc3010,Pectobacterium,NA
698,RyjB,Pectobacterium,NA
699,STnc3040,Pectobacterium,NA
700,STnc810,Pectobacterium,NA
701,IsrK,Pectobacterium,73.3333333333333
702,RybD,Pectobacterium,NA
703,STnc1210,Pectobacterium,NA
704,STnc1470,Pectobacterium,75
705,STnc3150,Pectobacterium,NA
706,STnc3340,Pectobacterium,NA
707,STnc3720,Pectobacterium,NA
708,STnc1200,Pectobacterium,76
709,STnc480,Pectobacterium,NA
710,STnc1160,Pectobacterium,71
711,STnc350,Pectobacterium,NA
712,STnc4000,Pectobacterium,NA
713,STnc3250,Pectobacterium,NA
714,STnc3570,Pectobacterium,66
715,STnc4170,Pectobacterium,71.25
716,STnc3730,Pectobacterium,NA
717,RydC,Pectobacterium,NA
718,STnc1030,Pectobacterium,86.8571428571429
719,STnc1060,Pectobacterium,NA
720,STnc490,Pectobacterium,91
721,STnc1180,Pectobacterium,NA
722,RygD,Pectobacterium,NA
723,RygC,Pectobacterium,NA
724,STnc710,Pectobacterium,NA
725,SraB,Pectobacterium,NA
726,STnc520,Pectobacterium,NA
727,STnc1110,Pectobacterium,NA
728,STnc3390,Pectobacterium,NA
729,STnc630,Pectobacterium,NA
730,IsrN,Pectobacterium,68
731,RyeC,Pectobacterium,NA
732,RydB,Pectobacterium,NA
733,STnc2040,Pectobacterium,NA
734,STnc840,Pectobacterium,NA
735,DapZ,Pectobacterium,NA
736,STnc2070,Pectobacterium,NA
737,sRNA12,Pectobacterium,NA
738,STnc1420,Pectobacterium,NA
739,STnc1460,Pectobacterium,56.1666666666667
740,STnc3160,Pectobacterium,NA
741,sRNA10,Pectobacterium,NA
742,MgrR,Pectobacterium,NA
743,RyfA,Pectobacterium,NA
744,STnc920,Pectobacterium,NA
745,MicC,Pectobacterium,NA
746,STnc1380,Pectobacterium,88
747,STnc1560,Pectobacterium,NA
748,tp2,Pectobacterium,NA
749,STnc3130,Pectobacterium,NA
750,C0664,Pectobacterium,NA
751,STnc4010,Pectobacterium,NA
752,STnc1640,Pectobacterium,NA
753,STnc3870,Pectobacterium,65
754,RybA,Pectobacterium,NA
755,IstR‑1_2,Pectobacterium,NA
756,STnc3000,Pectobacterium,NA
757,SraL,Pectobacterium,NA
758,STnc850,Pectobacterium,NA
759,STnc4180,Pectobacterium,NA
760,STnc1670,Pectobacterium,NA
761,STnc1860,Pectobacterium,NA
762,STnc2100,Pectobacterium,NA
763,STnc1040,Pectobacterium,90.2857142857143
764,OxyS,Pectobacterium,NA
765,MicF,Pectobacterium,NA
766,DsrA,Pectobacterium,NA
767,STnc200,Pectobacterium,NA
768,STnc880,Pectobacterium,NA
769,tpke70,Pectobacterium,NA
770,STnc1340,Pectobacterium,NA
771,STnc3850,Pectobacterium,NA
772,ChiX,Pectobacterium,NA
773,STnc2180,Pectobacterium,88
774,SroC,Pectobacterium,NA
775,STnc4080,Pectobacterium,NA
776,OmrB,Pectobacterium,NA
777,t44,Pectobacterium,68
778,CyaR,Pectobacterium,52
779,RyhB‑1,Pectobacterium,71
780,STnc2130,Pectobacterium,NA
781,RprA,Pectobacterium,NA
782,ArcZ,Pectobacterium,NA
783,SraA,Pectobacterium,70.25
784,tpke11,Pectobacterium,NA
785,SraF,Pectobacterium,72
786,STnc800,Pectobacterium,64.625
787,STnc790,Pectobacterium,63.5
788,OmrA,Pectobacterium,75.5
789,CsrB,Pectobacterium,61.125
790,FnrS,Pectobacterium,95.125
791,GlmZ,Pectobacterium,72
792,MicA,Pectobacterium,79.875
793,STnc870,Pectobacterium,84
794,SdsR,Pectobacterium,90.75
795,SroG,Pectobacterium,85.75
796,SraG,Pectobacterium,75.125
797,STnc700,Pectobacterium,86.75
798,Spf,Pectobacterium,95
799,GlmY,Pectobacterium,57.375
800,GcvB,Pectobacterium,82.125
801,STnc3800,Rahnella,NA
802,STnc1310,Rahnella,NA
803,STnc1280,Rahnella,NA
804,STnc2080,Rahnella,NA
805,STnc1920,Rahnella,NA
806,STnc1740,Rahnella,NA
807,STnc2160,Rahnella,NA
808,STnc400,Rahnella,NA
809,STnc4130,Rahnella,NA
810,STnc3170,Rahnella,NA
811,STnc1400,Rahnella,NA
812,STnc4100,Rahnella,NA
813,IsrB‑1,Rahnella,NA
814,IsrB‑2,Rahnella,NA
815,STnc1480,Rahnella,NA
816,STnc1080,Rahnella,NA
817,STnc1390,Rahnella,NA
818,IsrF,Rahnella,NA
819,STnc3300,Rahnella,NA
820,IsrJ,Rahnella,NA
821,STnc3060,Rahnella,NA
822,IsrC,Rahnella,NA
823,STnc780,Rahnella,NA
824,STnc750,Rahnella,NA
825,STnc1710,Rahnella,NA
826,STnc3920,Rahnella,NA
827,STnc4070,Rahnella,NA
828,STnc290,Rahnella,NA
829,STnc3200,Rahnella,NA
830,STnc2050,Rahnella,NA
831,STnc500,Rahnella,NA
832,STnc3760,Rahnella,NA
833,STnc1700,Rahnella,NA
834,IsrP,Rahnella,NA
835,STnc3530,Rahnella,NA
836,STnc1150,Rahnella,NA
837,STnc3630,Rahnella,NA
838,STnc3890,Rahnella,NA
839,STnc1760,Rahnella,NA
840,STnc380,Rahnella,NA
841,STnc1890,Rahnella,NA
842,STnc3280,Rahnella,NA
843,IsrD,Rahnella,NA
844,STnc4110,Rahnella,NA
845,IsrH_1_2,Rahnella,NA
846,STnc070,Rahnella,NA
847,STnc3180,Rahnella,NA
848,STnc3500,Rahnella,NA
849,STnc3420,Rahnella,NA
850,STnc3990,Rahnella,NA
851,STnc3030,Rahnella,NA
852,STnc3740,Rahnella,NA
853,STnc950,Rahnella,NA
854,STnc4260,Rahnella,NA
855,STnc470,Rahnella,NA
856,STnc310,Rahnella,NA
857,STnc1990,Rahnella,NA
858,STnc3330,Rahnella,NA
859,IsrO,Rahnella,NA
860,STnc760,Rahnella,NA
861,STnc1690,Rahnella,NA
862,IsrQ,Rahnella,NA
863,STnc4210,Rahnella,NA
864,STnc3230,Rahnella,NA
865,STnc440,Rahnella,NA
866,STnc3750,Rahnella,NA
867,sRNA1,Rahnella,NA
868,STnc2030,Rahnella,NA
869,InvR,Rahnella,NA
870,STnc890,Rahnella,NA
871,STnc1600,Rahnella,NA
872,STnc1880,Rahnella,NA
873,STnc3620,Rahnella,NA
874,STnc3580,Rahnella,NA
875,STnc1870,Rahnella,NA
876,STnc3050,Rahnella,NA
877,STnc3090,Rahnella,NA
878,STnc4160,Rahnella,NA
879,STnc340,Rahnella,NA
880,STnc980,Rahnella,NA
881,STnc3610,Rahnella,NA
882,STnc3350,Rahnella,NA
883,sRNA9,Rahnella,NA
884,STnc3640,Rahnella,NA
885,RseX,Rahnella,NA
886,STnc3970,Rahnella,NA
887,STnc1010,Rahnella,NA
888,STnc3480,Rahnella,NA
889,STnc150,Rahnella,NA
890,STnc3830,Rahnella,NA
891,STnc740,Rahnella,NA
892,STnc1510,Rahnella,NA
893,STnc540,Rahnella,NA
894,STnc1500,Rahnella,NA
895,STnc1650,Rahnella,NA
896,STnc2110,Rahnella,NA
897,STnc3010,Rahnella,NA
898,RyjB,Rahnella,NA
899,STnc3040,Rahnella,NA
900,STnc810,Rahnella,NA
901,IsrK,Rahnella,NA
902,RybD,Rahnella,NA
903,STnc1210,Rahnella,NA
904,STnc1470,Rahnella,NA
905,STnc3150,Rahnella,NA
906,STnc3340,Rahnella,NA
907,STnc3720,Rahnella,NA
908,STnc1200,Rahnella,NA
909,STnc480,Rahnella,NA
910,STnc1160,Rahnella,NA
911,STnc350,Rahnella,NA
912,STnc4000,Rahnella,NA
913,STnc3250,Rahnella,NA
914,STnc3570,Rahnella,NA
915,STnc4170,Rahnella,75
916,STnc3730,Rahnella,NA
917,RydC,Rahnella,NA
918,STnc1030,Rahnella,NA
919,STnc1060,Rahnella,NA
920,STnc490,Rahnella,93
921,STnc1180,Rahnella,NA
922,RygD,Rahnella,NA
923,RygC,Rahnella,NA
924,STnc710,Rahnella,NA
925,SraB,Rahnella,NA
926,STnc520,Rahnella,NA
927,STnc1110,Rahnella,NA
928,STnc3390,Rahnella,NA
929,STnc630,Rahnella,NA
930,IsrN,Rahnella,63
931,RyeC,Rahnella,NA
932,RydB,Rahnella,NA
933,STnc2040,Rahnella,NA
934,STnc840,Rahnella,NA
935,DapZ,Rahnella,NA
936,STnc2070,Rahnella,76
937,sRNA12,Rahnella,NA
938,STnc1420,Rahnella,NA
939,STnc1460,Rahnella,57
940,STnc3160,Rahnella,NA
941,sRNA10,Rahnella,NA
942,MgrR,Rahnella,NA
943,RyfA,Rahnella,68
944,STnc920,Rahnella,NA
945,MicC,Rahnella,NA
946,STnc1380,Rahnella,NA
947,STnc1560,Rahnella,NA
948,tp2,Rahnella,60.3333333333333
949,STnc3130,Rahnella,NA
950,C0664,Rahnella,NA
951,STnc4010,Rahnella,NA
952,STnc1640,Rahnella,NA
953,STnc3870,Rahnella,55.5
954,RybA,Rahnella,NA
955,IstR‑1_2,Rahnella,NA
956,STnc3000,Rahnella,NA
957,SraL,Rahnella,NA
958,STnc850,Rahnella,NA
959,STnc4180,Rahnella,NA
960,STnc1670,Rahnella,NA
961,STnc1860,Rahnella,NA
962,STnc2100,Rahnella,NA
963,STnc1040,Rahnella,NA
964,OxyS,Rahnella,NA
965,MicF,Rahnella,NA
966,DsrA,Rahnella,NA
967,STnc200,Rahnella,NA
968,STnc880,Rahnella,NA
969,tpke70,Rahnella,NA
970,STnc1340,Rahnella,NA
971,STnc3850,Rahnella,NA
972,ChiX,Rahnella,NA
973,STnc2180,Rahnella,NA
974,SroC,Rahnella,NA
975,STnc4080,Rahnella,NA
976,OmrB,Rahnella,NA
977,t44,Rahnella,NA
978,CyaR,Rahnella,NA
979,RyhB‑1,Rahnella,82
980,STnc2130,Rahnella,NA
981,RprA,Rahnella,75.3333333333333
982,ArcZ,Rahnella,NA
983,SraA,Rahnella,NA
984,tpke11,Rahnella,55
985,SraF,Rahnella,71
986,STnc800,Rahnella,64.6666666666667
987,STnc790,Rahnella,61
988,OmrA,Rahnella,74.6666666666667
989,CsrB,Rahnella,67.3333333333333
990,FnrS,Rahnella,85
991,GlmZ,Rahnella,69.3333333333333
992,MicA,Rahnella,79
993,STnc870,Rahnella,87.6666666666667
994,SdsR,Rahnella,96
995,SroG,Rahnella,86.3333333333333
996,SraG,Rahnella,66.3333333333333
997,STnc700,Rahnella,80.6666666666667
998,Spf,Rahnella,97
999,GlmY,Rahnella,62.3333333333333
1000,GcvB,Rahnella,80
1001,STnc3800,Serratia,NA
1002,STnc1310,Serratia,NA
1003,STnc1280,Serratia,NA
1004,STnc2080,Serratia,NA
1005,STnc1920,Serratia,NA
1006,STnc1740,Serratia,NA
1007,STnc2160,Serratia,NA
1008,STnc400,Serratia,NA
1009,STnc4130,Serratia,NA
1010,STnc3170,Serratia,NA
1011,STnc1400,Serratia,NA
1012,STnc4100,Serratia,NA
1013,IsrB‑1,Serratia,NA
1014,IsrB‑2,Serratia,NA
1015,STnc1480,Serratia,NA
1016,STnc1080,Serratia,NA
1017,STnc1390,Serratia,NA
1018,IsrF,Serratia,NA
1019,STnc3300,Serratia,NA
1020,IsrJ,Serratia,NA
1021,STnc3060,Serratia,NA
1022,IsrC,Serratia,NA
1023,STnc780,Serratia,NA
1024,STnc750,Serratia,NA
1025,STnc1710,Serratia,NA
1026,STnc3920,Serratia,NA
1027,STnc4070,Serratia,NA
1028,STnc290,Serratia,NA
1029,STnc3200,Serratia,NA
1030,STnc2050,Serratia,87
1031,STnc500,Serratia,NA
1032,STnc3760,Serratia,NA
1033,STnc1700,Serratia,NA
1034,IsrP,Serratia,NA
1035,STnc3530,Serratia,NA
1036,STnc1150,Serratia,NA
1037,STnc3630,Serratia,NA
1038,STnc3890,Serratia,NA
1039,STnc1760,Serratia,NA
1040,STnc380,Serratia,NA
1041,STnc1890,Serratia,NA
1042,STnc3280,Serratia,NA
1043,IsrD,Serratia,NA
1044,STnc4110,Serratia,NA
1045,IsrH_1_2,Serratia,NA
1046,STnc070,Serratia,NA
1047,STnc3180,Serratia,NA
1048,STnc3500,Serratia,NA
1049,STnc3420,Serratia,NA
1050,STnc3990,Serratia,NA
1051,STnc3030,Serratia,NA
1052,STnc3740,Serratia,NA
1053,STnc950,Serratia,NA
1054,STnc4260,Serratia,NA
1055,STnc470,Serratia,NA
1056,STnc310,Serratia,NA
1057,STnc1990,Serratia,NA
1058,STnc3330,Serratia,NA
1059,IsrO,Serratia,NA
1060,STnc760,Serratia,NA
1061,STnc1690,Serratia,NA
1062,IsrQ,Serratia,NA
1063,STnc4210,Serratia,NA
1064,STnc3230,Serratia,NA
1065,STnc440,Serratia,NA
1066,STnc3750,Serratia,NA
1067,sRNA1,Serratia,NA
1068,STnc2030,Serratia,NA
1069,InvR,Serratia,NA
1070,STnc890,Serratia,NA
1071,STnc1600,Serratia,NA
1072,STnc1880,Serratia,NA
1073,STnc3620,Serratia,NA
1074,STnc3580,Serratia,NA
1075,STnc1870,Serratia,NA
1076,STnc3050,Serratia,NA
1077,STnc3090,Serratia,NA
1078,STnc4160,Serratia,NA
1079,STnc340,Serratia,NA
1080,STnc980,Serratia,NA
1081,STnc3610,Serratia,NA
1082,STnc3350,Serratia,NA
1083,sRNA9,Serratia,NA
1084,STnc3640,Serratia,NA
1085,RseX,Serratia,NA
1086,STnc3970,Serratia,NA
1087,STnc1010,Serratia,NA
1088,STnc3480,Serratia,NA
1089,STnc150,Serratia,NA
1090,STnc3830,Serratia,NA
1091,STnc740,Serratia,NA
1092,STnc1510,Serratia,NA
1093,STnc540,Serratia,NA
1094,STnc1500,Serratia,NA
1095,STnc1650,Serratia,NA
1096,STnc2110,Serratia,NA
1097,STnc3010,Serratia,NA
1098,RyjB,Serratia,NA
1099,STnc3040,Serratia,NA
1100,STnc810,Serratia,NA
1101,IsrK,Serratia,69
1102,RybD,Serratia,NA
1103,STnc1210,Serratia,NA
1104,STnc1470,Serratia,NA
1105,STnc3150,Serratia,NA
1106,STnc3340,Serratia,NA
1107,STnc3720,Serratia,NA
1108,STnc1200,Serratia,NA
1109,STnc480,Serratia,NA
1110,STnc1160,Serratia,NA
1111,STnc350,Serratia,NA
1112,STnc4000,Serratia,NA
1113,STnc3250,Serratia,NA
1114,STnc3570,Serratia,NA
1115,STnc4170,Serratia,NA
1116,STnc3730,Serratia,NA
1117,RydC,Serratia,NA
1118,STnc1030,Serratia,NA
1119,STnc1060,Serratia,NA
1120,STnc490,Serratia,NA
1121,STnc1180,Serratia,NA
1122,RygD,Serratia,NA
1123,RygC,Serratia,NA
1124,STnc710,Serratia,NA
1125,SraB,Serratia,NA
1126,STnc520,Serratia,NA
1127,STnc1110,Serratia,NA
1128,STnc3390,Serratia,NA
1129,STnc630,Serratia,NA
1130,IsrN,Serratia,70.1428571428571
1131,RyeC,Serratia,NA
1132,RydB,Serratia,NA
1133,STnc2040,Serratia,NA
1134,STnc840,Serratia,NA
1135,DapZ,Serratia,80
1136,STnc2070,Serratia,74
1137,sRNA12,Serratia,NA
1138,STnc1420,Serratia,NA
1139,STnc1460,Serratia,64.25
1140,STnc3160,Serratia,NA
1141,sRNA10,Serratia,NA
1142,MgrR,Serratia,NA
1143,RyfA,Serratia,67
1144,STnc920,Serratia,NA
1145,MicC,Serratia,NA
1146,STnc1380,Serratia,70.2
1147,STnc1560,Serratia,NA
1148,tp2,Serratia,NA
1149,STnc3130,Serratia,NA
1150,C0664,Serratia,NA
1151,STnc4010,Serratia,NA
1152,STnc1640,Serratia,NA
1153,STnc3870,Serratia,65
1154,RybA,Serratia,NA
1155,IstR‑1_2,Serratia,NA
1156,STnc3000,Serratia,NA
1157,SraL,Serratia,NA
1158,STnc850,Serratia,NA
1159,STnc4180,Serratia,NA
1160,STnc1670,Serratia,NA
1161,STnc1860,Serratia,NA
1162,STnc2100,Serratia,NA
1163,STnc1040,Serratia,83.4285714285714
1164,OxyS,Serratia,NA
1165,MicF,Serratia,NA
1166,DsrA,Serratia,NA
1167,STnc200,Serratia,NA
1168,STnc880,Serratia,NA
1169,tpke70,Serratia,NA
1170,STnc1340,Serratia,NA
1171,STnc3850,Serratia,NA
1172,ChiX,Serratia,NA
1173,STnc2180,Serratia,88
1174,SroC,Serratia,NA
1175,STnc4080,Serratia,NA
1176,OmrB,Serratia,76.5
1177,t44,Serratia,56
1178,CyaR,Serratia,71.7
1179,RyhB‑1,Serratia,79
1180,STnc2130,Serratia,74.3636363636364
1181,RprA,Serratia,69.5833333333333
1182,ArcZ,Serratia,76
1183,SraA,Serratia,79.6153846153846
1184,tpke11,Serratia,48.875
1185,SraF,Serratia,72.6923076923077
1186,STnc800,Serratia,63
1187,STnc790,Serratia,63.7692307692308
1188,OmrA,Serratia,77.4615384615385
1189,CsrB,Serratia,68.3076923076923
1190,FnrS,Serratia,81.6153846153846
1191,GlmZ,Serratia,75.3076923076923
1192,MicA,Serratia,85
1193,STnc870,Serratia,92.6153846153846
1194,SdsR,Serratia,89.9230769230769
1195,SroG,Serratia,84.8461538461538
1196,SraG,Serratia,69.9230769230769
1197,STnc700,Serratia,81.3076923076923
1198,Spf,Serratia,97.8461538461538
1199,GlmY,Serratia,66.3076923076923
1200,GcvB,Serratia,80.6153846153846
1201,STnc3800,Yersinia,NA
1202,STnc1310,Yersinia,NA
1203,STnc1280,Yersinia,NA
1204,STnc2080,Yersinia,NA
1205,STnc1920,Yersinia,NA
1206,STnc1740,Yersinia,NA
1207,STnc2160,Yersinia,NA
1208,STnc400,Yersinia,NA
1209,STnc4130,Yersinia,NA
1210,STnc3170,Yersinia,NA
1211,STnc1400,Yersinia,NA
1212,STnc4100,Yersinia,NA
1213,IsrB‑1,Yersinia,NA
1214,IsrB‑2,Yersinia,NA
1215,STnc1480,Yersinia,NA
1216,STnc1080,Yersinia,NA
1217,STnc1390,Yersinia,NA
1218,IsrF,Yersinia,NA
1219,STnc3300,Yersinia,NA
1220,IsrJ,Yersinia,NA
1221,STnc3060,Yersinia,NA
1222,IsrC,Yersinia,NA
1223,STnc780,Yersinia,NA
1224,STnc750,Yersinia,NA
1225,STnc1710,Yersinia,NA
1226,STnc3920,Yersinia,NA
1227,STnc4070,Yersinia,NA
1228,STnc290,Yersinia,NA
1229,STnc3200,Yersinia,NA
1230,STnc2050,Yersinia,NA
1231,STnc500,Yersinia,NA
1232,STnc3760,Yersinia,NA
1233,STnc1700,Yersinia,NA
1234,IsrP,Yersinia,NA
1235,STnc3530,Yersinia,NA
1236,STnc1150,Yersinia,NA
1237,STnc3630,Yersinia,NA
1238,STnc3890,Yersinia,NA
1239,STnc1760,Yersinia,NA
1240,STnc380,Yersinia,NA
1241,STnc1890,Yersinia,NA
1242,STnc3280,Yersinia,NA
1243,IsrD,Yersinia,NA
1244,STnc4110,Yersinia,NA
1245,IsrH_1_2,Yersinia,NA
1246,STnc070,Yersinia,NA
1247,STnc3180,Yersinia,NA
1248,STnc3500,Yersinia,NA
1249,STnc3420,Yersinia,NA
1250,STnc3990,Yersinia,NA
1251,STnc3030,Yersinia,NA
1252,STnc3740,Yersinia,NA
1253,STnc950,Yersinia,NA
1254,STnc4260,Yersinia,NA
1255,STnc470,Yersinia,NA
1256,STnc310,Yersinia,NA
1257,STnc1990,Yersinia,NA
1258,STnc3330,Yersinia,NA
1259,IsrO,Yersinia,NA
1260,STnc760,Yersinia,NA
1261,STnc1690,Yersinia,NA
1262,IsrQ,Yersinia,NA
1263,STnc4210,Yersinia,NA
1264,STnc3230,Yersinia,NA
1265,STnc440,Yersinia,NA
1266,STnc3750,Yersinia,NA
1267,sRNA1,Yersinia,NA
1268,STnc2030,Yersinia,NA
1269,InvR,Yersinia,NA
1270,STnc890,Yersinia,NA
1271,STnc1600,Yersinia,NA
1272,STnc1880,Yersinia,NA
1273,STnc3620,Yersinia,NA
1274,STnc3580,Yersinia,NA
1275,STnc1870,Yersinia,NA
1276,STnc3050,Yersinia,NA
1277,STnc3090,Yersinia,NA
1278,STnc4160,Yersinia,NA
1279,STnc340,Yersinia,NA
1280,STnc980,Yersinia,NA
1281,STnc3610,Yersinia,NA
1282,STnc3350,Yersinia,NA
1283,sRNA9,Yersinia,NA
1284,STnc3640,Yersinia,58
1285,RseX,Yersinia,NA
1286,STnc3970,Yersinia,NA
1287,STnc1010,Yersinia,NA
1288,STnc3480,Yersinia,NA
1289,STnc150,Yersinia,NA
1290,STnc3830,Yersinia,NA
1291,STnc740,Yersinia,NA
1292,STnc1510,Yersinia,NA
1293,STnc540,Yersinia,NA
1294,STnc1500,Yersinia,NA
1295,STnc1650,Yersinia,NA
1296,STnc2110,Yersinia,NA
1297,STnc3010,Yersinia,NA
1298,RyjB,Yersinia,NA
1299,STnc3040,Yersinia,NA
1300,STnc810,Yersinia,NA
1301,IsrK,Yersinia,65.6666666666667
1302,RybD,Yersinia,NA
1303,STnc1210,Yersinia,NA
1304,STnc1470,Yersinia,NA
1305,STnc3150,Yersinia,NA
1306,STnc3340,Yersinia,NA
1307,STnc3720,Yersinia,NA
1308,STnc1200,Yersinia,80.8571428571429
1309,STnc480,Yersinia,NA
1310,STnc1160,Yersinia,82.8888888888889
1311,STnc350,Yersinia,NA
1312,STnc4000,Yersinia,NA
1313,STnc3250,Yersinia,NA
1314,STnc3570,Yersinia,NA
1315,STnc4170,Yersinia,72.7777777777778
1316,STnc3730,Yersinia,NA
1317,RydC,Yersinia,NA
1318,STnc1030,Yersinia,60.9230769230769
1319,STnc1060,Yersinia,NA
1320,STnc490,Yersinia,94.0238095238095
1321,STnc1180,Yersinia,NA
1322,RygD,Yersinia,NA
1323,RygC,Yersinia,NA
1324,STnc710,Yersinia,NA
1325,SraB,Yersinia,NA
1326,STnc520,Yersinia,NA
1327,STnc1110,Yersinia,NA
1328,STnc3390,Yersinia,NA
1329,STnc630,Yersinia,NA
1330,IsrN,Yersinia,66.5
1331,RyeC,Yersinia,NA
1332,RydB,Yersinia,NA
1333,STnc2040,Yersinia,NA
1334,STnc840,Yersinia,NA
1335,DapZ,Yersinia,81.1428571428571
1336,STnc2070,Yersinia,80.875
1337,sRNA12,Yersinia,NA
1338,STnc1420,Yersinia,NA
1339,STnc1460,Yersinia,58.6666666666667
1340,STnc3160,Yersinia,NA
1341,sRNA10,Yersinia,NA
1342,MgrR,Yersinia,NA
1343,RyfA,Yersinia,65.25
1344,STnc920,Yersinia,NA
1345,MicC,Yersinia,NA
1346,STnc1380,Yersinia,75.4333333333333
1347,STnc1560,Yersinia,NA
1348,tp2,Yersinia,NA
1349,STnc3130,Yersinia,NA
1350,C0664,Yersinia,NA
1351,STnc4010,Yersinia,NA
1352,STnc1640,Yersinia,NA
1353,STnc3870,Yersinia,53.1
1354,RybA,Yersinia,NA
1355,IstR‑1_2,Yersinia,NA
1356,STnc3000,Yersinia,NA
1357,SraL,Yersinia,NA
1358,STnc850,Yersinia,NA
1359,STnc4180,Yersinia,NA
1360,STnc1670,Yersinia,NA
1361,STnc1860,Yersinia,NA
1362,STnc2100,Yersinia,NA
1363,STnc1040,Yersinia,79.25
1364,OxyS,Yersinia,NA
1365,MicF,Yersinia,NA
1366,DsrA,Yersinia,NA
1367,STnc200,Yersinia,NA
1368,STnc880,Yersinia,NA
1369,tpke70,Yersinia,NA
1370,STnc1340,Yersinia,NA
1371,STnc3850,Yersinia,NA
1372,ChiX,Yersinia,NA
1373,STnc2180,Yersinia,NA
1374,SroC,Yersinia,NA
1375,STnc4080,Yersinia,NA
1376,OmrB,Yersinia,NA
1377,t44,Yersinia,65.9473684210526
1378,CyaR,Yersinia,66
1379,RyhB‑1,Yersinia,82
1380,STnc2130,Yersinia,76.5294117647059
1381,RprA,Yersinia,NA
1382,ArcZ,Yersinia,66.9111111111111
1383,SraA,Yersinia,67.8846153846154
1384,tpke11,Yersinia,53.9047619047619
1385,SraF,Yersinia,73.6363636363636
1386,STnc800,Yersinia,66.6346153846154
1387,STnc790,Yersinia,62.72
1388,OmrA,Yersinia,72.3076923076923
1389,CsrB,Yersinia,65.9807692307692
1390,FnrS,Yersinia,82.9038461538462
1391,GlmZ,Yersinia,72.54
1392,MicA,Yersinia,82.8846153846154
1393,STnc870,Yersinia,85.8461538461538
1394,SdsR,Yersinia,91.5
1395,SroG,Yersinia,84.0576923076923
1396,SraG,Yersinia,69.8823529411765
1397,STnc700,Yersinia,83.4807692307692
1398,Spf,Yersinia,95.0384615384615
1399,GlmY,Yersinia,63.4807692307692
1400,GcvB,Yersinia,77.25
1401,STnc3800,Erwinia,NA
1402,STnc1310,Erwinia,NA
1403,STnc1280,Erwinia,NA
1404,STnc2080,Erwinia,NA
1405,STnc1920,Erwinia,NA
1406,STnc1740,Erwinia,NA
1407,STnc2160,Erwinia,NA
1408,STnc400,Erwinia,NA
1409,STnc4130,Erwinia,NA
1410,STnc3170,Erwinia,NA
1411,STnc1400,Erwinia,NA
1412,STnc4100,Erwinia,NA
1413,IsrB‑1,Erwinia,NA
1414,IsrB‑2,Erwinia,NA
1415,STnc1480,Erwinia,NA
1416,STnc1080,Erwinia,NA
1417,STnc1390,Erwinia,NA
1418,IsrF,Erwinia,NA
1419,STnc3300,Erwinia,NA
1420,IsrJ,Erwinia,NA
1421,STnc3060,Erwinia,NA
1422,IsrC,Erwinia,NA
1423,STnc780,Erwinia,NA
1424,STnc750,Erwinia,NA
1425,STnc1710,Erwinia,NA
1426,STnc3920,Erwinia,NA
1427,STnc4070,Erwinia,NA
1428,STnc290,Erwinia,NA
1429,STnc3200,Erwinia,NA
1430,STnc2050,Erwinia,NA
1431,STnc500,Erwinia,NA
1432,STnc3760,Erwinia,NA
1433,STnc1700,Erwinia,NA
1434,IsrP,Erwinia,NA
1435,STnc3530,Erwinia,NA
1436,STnc1150,Erwinia,NA
1437,STnc3630,Erwinia,NA
1438,STnc3890,Erwinia,NA
1439,STnc1760,Erwinia,NA
1440,STnc380,Erwinia,NA
1441,STnc1890,Erwinia,NA
1442,STnc3280,Erwinia,NA
1443,IsrD,Erwinia,NA
1444,STnc4110,Erwinia,NA
1445,IsrH_1_2,Erwinia,NA
1446,STnc070,Erwinia,NA
1447,STnc3180,Erwinia,NA
1448,STnc3500,Erwinia,NA
1449,STnc3420,Erwinia,NA
1450,STnc3990,Erwinia,NA
1451,STnc3030,Erwinia,NA
1452,STnc3740,Erwinia,NA
1453,STnc950,Erwinia,NA
1454,STnc4260,Erwinia,NA
1455,STnc470,Erwinia,NA
1456,STnc310,Erwinia,NA
1457,STnc1990,Erwinia,NA
1458,STnc3330,Erwinia,NA
1459,IsrO,Erwinia,NA
1460,STnc760,Erwinia,NA
1461,STnc1690,Erwinia,NA
1462,IsrQ,Erwinia,NA
1463,STnc4210,Erwinia,NA
1464,STnc3230,Erwinia,NA
1465,STnc440,Erwinia,NA
1466,STnc3750,Erwinia,NA
1467,sRNA1,Erwinia,NA
1468,STnc2030,Erwinia,NA
1469,InvR,Erwinia,NA
1470,STnc890,Erwinia,NA
1471,STnc1600,Erwinia,NA
1472,STnc1880,Erwinia,NA
1473,STnc3620,Erwinia,NA
1474,STnc3580,Erwinia,NA
1475,STnc1870,Erwinia,NA
1476,STnc3050,Erwinia,NA
1477,STnc3090,Erwinia,NA
1478,STnc4160,Erwinia,NA
1479,STnc340,Erwinia,NA
1480,STnc980,Erwinia,NA
1481,STnc3610,Erwinia,NA
1482,STnc3350,Erwinia,NA
1483,sRNA9,Erwinia,NA
1484,STnc3640,Erwinia,NA
1485,RseX,Erwinia,NA
1486,STnc3970,Erwinia,NA
1487,STnc1010,Erwinia,NA
1488,STnc3480,Erwinia,NA
1489,STnc150,Erwinia,NA
1490,STnc3830,Erwinia,NA
1491,STnc740,Erwinia,NA
1492,STnc1510,Erwinia,NA
1493,STnc540,Erwinia,NA
1494,STnc1500,Erwinia,NA
1495,STnc1650,Erwinia,NA
1496,STnc2110,Erwinia,NA
1497,STnc3010,Erwinia,NA
1498,RyjB,Erwinia,NA
1499,STnc3040,Erwinia,NA
1500,STnc810,Erwinia,NA
1501,IsrK,Erwinia,NA
1502,RybD,Erwinia,NA
1503,STnc1210,Erwinia,NA
1504,STnc1470,Erwinia,NA
1505,STnc3150,Erwinia,NA
1506,STnc3340,Erwinia,NA
1507,STnc3720,Erwinia,NA
1508,STnc1200,Erwinia,NA
1509,STnc480,Erwinia,NA
1510,STnc1160,Erwinia,NA
1511,STnc350,Erwinia,NA
1512,STnc4000,Erwinia,NA
1513,STnc3250,Erwinia,NA
1514,STnc3570,Erwinia,NA
1515,STnc4170,Erwinia,NA
1516,STnc3730,Erwinia,NA
1517,RydC,Erwinia,NA
1518,STnc1030,Erwinia,NA
1519,STnc1060,Erwinia,NA
1520,STnc490,Erwinia,NA
1521,STnc1180,Erwinia,NA
1522,RygD,Erwinia,NA
1523,RygC,Erwinia,NA
1524,STnc710,Erwinia,NA
1525,SraB,Erwinia,NA
1526,STnc520,Erwinia,76
1527,STnc1110,Erwinia,NA
1528,STnc3390,Erwinia,NA
1529,STnc630,Erwinia,NA
1530,IsrN,Erwinia,72.6666666666667
1531,RyeC,Erwinia,NA
1532,RydB,Erwinia,NA
1533,STnc2040,Erwinia,NA
1534,STnc840,Erwinia,NA
1535,DapZ,Erwinia,NA
1536,STnc2070,Erwinia,NA
1537,sRNA12,Erwinia,NA
1538,STnc1420,Erwinia,NA
1539,STnc1460,Erwinia,NA
1540,STnc3160,Erwinia,NA
1541,sRNA10,Erwinia,NA
1542,MgrR,Erwinia,NA
1543,RyfA,Erwinia,NA
1544,STnc920,Erwinia,NA
1545,MicC,Erwinia,NA
1546,STnc1380,Erwinia,86
1547,STnc1560,Erwinia,NA
1548,tp2,Erwinia,NA
1549,STnc3130,Erwinia,NA
1550,C0664,Erwinia,NA
1551,STnc4010,Erwinia,NA
1552,STnc1640,Erwinia,NA
1553,STnc3870,Erwinia,NA
1554,RybA,Erwinia,NA
1555,IstR‑1_2,Erwinia,NA
1556,STnc3000,Erwinia,NA
1557,SraL,Erwinia,NA
1558,STnc850,Erwinia,NA
1559,STnc4180,Erwinia,NA
1560,STnc1670,Erwinia,NA
1561,STnc1860,Erwinia,NA
1562,STnc2100,Erwinia,NA
1563,STnc1040,Erwinia,NA
1564,OxyS,Erwinia,NA
1565,MicF,Erwinia,NA
1566,DsrA,Erwinia,NA
1567,STnc200,Erwinia,NA
1568,STnc880,Erwinia,NA
1569,tpke70,Erwinia,NA
1570,STnc1340,Erwinia,NA
1571,STnc3850,Erwinia,NA
1572,ChiX,Erwinia,NA
1573,STnc2180,Erwinia,NA
1574,SroC,Erwinia,NA
1575,STnc4080,Erwinia,NA
1576,OmrB,Erwinia,81
1577,t44,Erwinia,59
1578,CyaR,Erwinia,NA
1579,RyhB‑1,Erwinia,NA
1580,STnc2130,Erwinia,NA
1581,RprA,Erwinia,73.3333333333333
1582,ArcZ,Erwinia,62.5
1583,SraA,Erwinia,NA
1584,tpke11,Erwinia,53
1585,SraF,Erwinia,67
1586,STnc800,Erwinia,54
1587,STnc790,Erwinia,53
1588,OmrA,Erwinia,73
1589,CsrB,Erwinia,78.3333333333333
1590,FnrS,Erwinia,86.3333333333333
1591,GlmZ,Erwinia,74
1592,MicA,Erwinia,84
1593,STnc870,Erwinia,88
1594,SdsR,Erwinia,76
1595,SroG,Erwinia,89.3333333333333
1596,SraG,Erwinia,83.6666666666667
1597,STnc700,Erwinia,86.6666666666667
1598,Spf,Erwinia,95.3333333333333
1599,GlmY,Erwinia,62.6666666666667
1600,GcvB,Erwinia,73
1601,STnc3800,Pantoea,NA
1602,STnc1310,Pantoea,NA
1603,STnc1280,Pantoea,NA
1604,STnc2080,Pantoea,NA
1605,STnc1920,Pantoea,NA
1606,STnc1740,Pantoea,NA
1607,STnc2160,Pantoea,NA
1608,STnc400,Pantoea,81
1609,STnc4130,Pantoea,NA
1610,STnc3170,Pantoea,NA
1611,STnc1400,Pantoea,NA
1612,STnc4100,Pantoea,NA
1613,IsrB‑1,Pantoea,NA
1614,IsrB‑2,Pantoea,NA
1615,STnc1480,Pantoea,NA
1616,STnc1080,Pantoea,NA
1617,STnc1390,Pantoea,NA
1618,IsrF,Pantoea,NA
1619,STnc3300,Pantoea,NA
1620,IsrJ,Pantoea,NA
1621,STnc3060,Pantoea,NA
1622,IsrC,Pantoea,NA
1623,STnc780,Pantoea,NA
1624,STnc750,Pantoea,NA
1625,STnc1710,Pantoea,NA
1626,STnc3920,Pantoea,NA
1627,STnc4070,Pantoea,NA
1628,STnc290,Pantoea,NA
1629,STnc3200,Pantoea,NA
1630,STnc2050,Pantoea,NA
1631,STnc500,Pantoea,NA
1632,STnc3760,Pantoea,NA
1633,STnc1700,Pantoea,NA
1634,IsrP,Pantoea,NA
1635,STnc3530,Pantoea,NA
1636,STnc1150,Pantoea,NA
1637,STnc3630,Pantoea,NA
1638,STnc3890,Pantoea,NA
1639,STnc1760,Pantoea,NA
1640,STnc380,Pantoea,NA
1641,STnc1890,Pantoea,NA
1642,STnc3280,Pantoea,NA
1643,IsrD,Pantoea,NA
1644,STnc4110,Pantoea,NA
1645,IsrH_1_2,Pantoea,NA
1646,STnc070,Pantoea,NA
1647,STnc3180,Pantoea,NA
1648,STnc3500,Pantoea,NA
1649,STnc3420,Pantoea,NA
1650,STnc3990,Pantoea,NA
1651,STnc3030,Pantoea,NA
1652,STnc3740,Pantoea,NA
1653,STnc950,Pantoea,NA
1654,STnc4260,Pantoea,NA
1655,STnc470,Pantoea,NA
1656,STnc310,Pantoea,NA
1657,STnc1990,Pantoea,NA
1658,STnc3330,Pantoea,NA
1659,IsrO,Pantoea,NA
1660,STnc760,Pantoea,NA
1661,STnc1690,Pantoea,NA
1662,IsrQ,Pantoea,NA
1663,STnc4210,Pantoea,NA
1664,STnc3230,Pantoea,NA
1665,STnc440,Pantoea,NA
1666,STnc3750,Pantoea,NA
1667,sRNA1,Pantoea,NA
1668,STnc2030,Pantoea,NA
1669,InvR,Pantoea,NA
1670,STnc890,Pantoea,NA
1671,STnc1600,Pantoea,NA
1672,STnc1880,Pantoea,NA
1673,STnc3620,Pantoea,NA
1674,STnc3580,Pantoea,NA
1675,STnc1870,Pantoea,NA
1676,STnc3050,Pantoea,NA
1677,STnc3090,Pantoea,NA
1678,STnc4160,Pantoea,NA
1679,STnc340,Pantoea,NA
1680,STnc980,Pantoea,NA
1681,STnc3610,Pantoea,NA
1682,STnc3350,Pantoea,NA
1683,sRNA9,Pantoea,NA
1684,STnc3640,Pantoea,NA
1685,RseX,Pantoea,NA
1686,STnc3970,Pantoea,NA
1687,STnc1010,Pantoea,NA
1688,STnc3480,Pantoea,NA
1689,STnc150,Pantoea,NA
1690,STnc3830,Pantoea,NA
1691,STnc740,Pantoea,NA
1692,STnc1510,Pantoea,NA
1693,STnc540,Pantoea,NA
1694,STnc1500,Pantoea,NA
1695,STnc1650,Pantoea,NA
1696,STnc2110,Pantoea,NA
1697,STnc3010,Pantoea,NA
1698,RyjB,Pantoea,NA
1699,STnc3040,Pantoea,NA
1700,STnc810,Pantoea,NA
1701,IsrK,Pantoea,NA
1702,RybD,Pantoea,NA
1703,STnc1210,Pantoea,NA
1704,STnc1470,Pantoea,79.8
1705,STnc3150,Pantoea,NA
1706,STnc3340,Pantoea,NA
1707,STnc3720,Pantoea,NA
1708,STnc1200,Pantoea,NA
1709,STnc480,Pantoea,NA
1710,STnc1160,Pantoea,NA
1711,STnc350,Pantoea,NA
1712,STnc4000,Pantoea,NA
1713,STnc3250,Pantoea,NA
1714,STnc3570,Pantoea,NA
1715,STnc4170,Pantoea,NA
1716,STnc3730,Pantoea,NA
1717,RydC,Pantoea,NA
1718,STnc1030,Pantoea,72
1719,STnc1060,Pantoea,NA
1720,STnc490,Pantoea,NA
1721,STnc1180,Pantoea,NA
1722,RygD,Pantoea,NA
1723,RygC,Pantoea,NA
1724,STnc710,Pantoea,NA
1725,SraB,Pantoea,NA
1726,STnc520,Pantoea,NA
1727,STnc1110,Pantoea,NA
1728,STnc3390,Pantoea,NA
1729,STnc630,Pantoea,NA
1730,IsrN,Pantoea,72.5
1731,RyeC,Pantoea,65
1732,RydB,Pantoea,66
1733,STnc2040,Pantoea,NA
1734,STnc840,Pantoea,NA
1735,DapZ,Pantoea,75
1736,STnc2070,Pantoea,NA
1737,sRNA12,Pantoea,NA
1738,STnc1420,Pantoea,65
1739,STnc1460,Pantoea,NA
1740,STnc3160,Pantoea,NA
1741,sRNA10,Pantoea,NA
1742,MgrR,Pantoea,NA
1743,RyfA,Pantoea,NA
1744,STnc920,Pantoea,NA
1745,MicC,Pantoea,NA
1746,STnc1380,Pantoea,NA
1747,STnc1560,Pantoea,NA
1748,tp2,Pantoea,62
1749,STnc3130,Pantoea,NA
1750,C0664,Pantoea,NA
1751,STnc4010,Pantoea,NA
1752,STnc1640,Pantoea,NA
1753,STnc3870,Pantoea,NA
1754,RybA,Pantoea,NA
1755,IstR‑1_2,Pantoea,NA
1756,STnc3000,Pantoea,NA
1757,SraL,Pantoea,NA
1758,STnc850,Pantoea,NA
1759,STnc4180,Pantoea,NA
1760,STnc1670,Pantoea,NA
1761,STnc1860,Pantoea,NA
1762,STnc2100,Pantoea,NA
1763,STnc1040,Pantoea,82.2
1764,OxyS,Pantoea,NA
1765,MicF,Pantoea,NA
1766,DsrA,Pantoea,NA
1767,STnc200,Pantoea,NA
1768,STnc880,Pantoea,NA
1769,tpke70,Pantoea,NA
1770,STnc1340,Pantoea,NA
1771,STnc3850,Pantoea,NA
1772,ChiX,Pantoea,67.5
1773,STnc2180,Pantoea,83
1774,SroC,Pantoea,65
1775,STnc4080,Pantoea,63.5714285714286
1776,OmrB,Pantoea,84.7142857142857
1777,t44,Pantoea,68.5
1778,CyaR,Pantoea,NA
1779,RyhB‑1,Pantoea,74.2857142857143
1780,STnc2130,Pantoea,85
1781,RprA,Pantoea,73
1782,ArcZ,Pantoea,68.2
1783,SraA,Pantoea,68
1784,tpke11,Pantoea,NA
1785,SraF,Pantoea,71.5714285714286
1786,STnc800,Pantoea,68
1787,STnc790,Pantoea,62
1788,OmrA,Pantoea,70.7142857142857
1789,CsrB,Pantoea,75.4285714285714
1790,FnrS,Pantoea,91.1428571428571
1791,GlmZ,Pantoea,68.8571428571429
1792,MicA,Pantoea,80.7142857142857
1793,STnc870,Pantoea,94.8571428571429
1794,SdsR,Pantoea,90.5714285714286
1795,SroG,Pantoea,90.4285714285714
1796,SraG,Pantoea,78.7142857142857
1797,STnc700,Pantoea,88.5714285714286
1798,Spf,Pantoea,96.8571428571429
1799,GlmY,Pantoea,67.2857142857143
1800,GcvB,Pantoea,77
1801,STnc3800,Cedecea,NA
1802,STnc1310,Cedecea,NA
1803,STnc1280,Cedecea,NA
1804,STnc2080,Cedecea,NA
1805,STnc1920,Cedecea,NA
1806,STnc1740,Cedecea,NA
1807,STnc2160,Cedecea,NA
1808,STnc400,Cedecea,NA
1809,STnc4130,Cedecea,NA
1810,STnc3170,Cedecea,NA
1811,STnc1400,Cedecea,NA
1812,STnc4100,Cedecea,NA
1813,IsrB‑1,Cedecea,NA
1814,IsrB‑2,Cedecea,NA
1815,STnc1480,Cedecea,NA
1816,STnc1080,Cedecea,NA
1817,STnc1390,Cedecea,NA
1818,IsrF,Cedecea,NA
1819,STnc3300,Cedecea,NA
1820,IsrJ,Cedecea,NA
1821,STnc3060,Cedecea,NA
1822,IsrC,Cedecea,NA
1823,STnc780,Cedecea,NA
1824,STnc750,Cedecea,NA
1825,STnc1710,Cedecea,NA
1826,STnc3920,Cedecea,NA
1827,STnc4070,Cedecea,NA
1828,STnc290,Cedecea,NA
1829,STnc3200,Cedecea,NA
1830,STnc2050,Cedecea,NA
1831,STnc500,Cedecea,NA
1832,STnc3760,Cedecea,NA
1833,STnc1700,Cedecea,NA
1834,IsrP,Cedecea,NA
1835,STnc3530,Cedecea,NA
1836,STnc1150,Cedecea,NA
1837,STnc3630,Cedecea,NA
1838,STnc3890,Cedecea,NA
1839,STnc1760,Cedecea,NA
1840,STnc380,Cedecea,NA
1841,STnc1890,Cedecea,NA
1842,STnc3280,Cedecea,NA
1843,IsrD,Cedecea,NA
1844,STnc4110,Cedecea,NA
1845,IsrH_1_2,Cedecea,NA
1846,STnc070,Cedecea,NA
1847,STnc3180,Cedecea,NA
1848,STnc3500,Cedecea,NA
1849,STnc3420,Cedecea,NA
1850,STnc3990,Cedecea,NA
1851,STnc3030,Cedecea,NA
1852,STnc3740,Cedecea,NA
1853,STnc950,Cedecea,NA
1854,STnc4260,Cedecea,NA
1855,STnc470,Cedecea,NA
1856,STnc310,Cedecea,NA
1857,STnc1990,Cedecea,NA
1858,STnc3330,Cedecea,NA
1859,IsrO,Cedecea,NA
1860,STnc760,Cedecea,NA
1861,STnc1690,Cedecea,NA
1862,IsrQ,Cedecea,NA
1863,STnc4210,Cedecea,NA
1864,STnc3230,Cedecea,NA
1865,STnc440,Cedecea,NA
1866,STnc3750,Cedecea,NA
1867,sRNA1,Cedecea,NA
1868,STnc2030,Cedecea,NA
1869,InvR,Cedecea,NA
1870,STnc890,Cedecea,NA
1871,STnc1600,Cedecea,NA
1872,STnc1880,Cedecea,NA
1873,STnc3620,Cedecea,NA
1874,STnc3580,Cedecea,NA
1875,STnc1870,Cedecea,NA
1876,STnc3050,Cedecea,NA
1877,STnc3090,Cedecea,NA
1878,STnc4160,Cedecea,NA
1879,STnc340,Cedecea,NA
1880,STnc980,Cedecea,NA
1881,STnc3610,Cedecea,NA
1882,STnc3350,Cedecea,NA
1883,sRNA9,Cedecea,NA
1884,STnc3640,Cedecea,NA
1885,RseX,Cedecea,NA
1886,STnc3970,Cedecea,NA
1887,STnc1010,Cedecea,NA
1888,STnc3480,Cedecea,NA
1889,STnc150,Cedecea,NA
1890,STnc3830,Cedecea,NA
1891,STnc740,Cedecea,NA
1892,STnc1510,Cedecea,NA
1893,STnc540,Cedecea,NA
1894,STnc1500,Cedecea,NA
1895,STnc1650,Cedecea,NA
1896,STnc2110,Cedecea,NA
1897,STnc3010,Cedecea,NA
1898,RyjB,Cedecea,NA
1899,STnc3040,Cedecea,NA
1900,STnc810,Cedecea,NA
1901,IsrK,Cedecea,NA
1902,RybD,Cedecea,NA
1903,STnc1210,Cedecea,NA
1904,STnc1470,Cedecea,NA
1905,STnc3150,Cedecea,NA
1906,STnc3340,Cedecea,74
1907,STnc3720,Cedecea,NA
1908,STnc1200,Cedecea,NA
1909,STnc480,Cedecea,NA
1910,STnc1160,Cedecea,NA
1911,STnc350,Cedecea,NA
1912,STnc4000,Cedecea,NA
1913,STnc3250,Cedecea,NA
1914,STnc3570,Cedecea,60
1915,STnc4170,Cedecea,NA
1916,STnc3730,Cedecea,NA
1917,RydC,Cedecea,NA
1918,STnc1030,Cedecea,NA
1919,STnc1060,Cedecea,NA
1920,STnc490,Cedecea,NA
1921,STnc1180,Cedecea,NA
1922,RygD,Cedecea,NA
1923,RygC,Cedecea,NA
1924,STnc710,Cedecea,NA
1925,SraB,Cedecea,NA
1926,STnc520,Cedecea,NA
1927,STnc1110,Cedecea,NA
1928,STnc3390,Cedecea,NA
1929,STnc630,Cedecea,NA
1930,IsrN,Cedecea,65
1931,RyeC,Cedecea,NA
1932,RydB,Cedecea,NA
1933,STnc2040,Cedecea,NA
1934,STnc840,Cedecea,NA
1935,DapZ,Cedecea,NA
1936,STnc2070,Cedecea,NA
1937,sRNA12,Cedecea,NA
1938,STnc1420,Cedecea,NA
1939,STnc1460,Cedecea,NA
1940,STnc3160,Cedecea,74.3333333333333
1941,sRNA10,Cedecea,NA
1942,MgrR,Cedecea,NA
1943,RyfA,Cedecea,NA
1944,STnc920,Cedecea,NA
1945,MicC,Cedecea,NA
1946,STnc1380,Cedecea,84
1947,STnc1560,Cedecea,NA
1948,tp2,Cedecea,78
1949,STnc3130,Cedecea,NA
1950,C0664,Cedecea,NA
1951,STnc4010,Cedecea,NA
1952,STnc1640,Cedecea,74
1953,STnc3870,Cedecea,NA
1954,RybA,Cedecea,NA
1955,IstR‑1_2,Cedecea,NA
1956,STnc3000,Cedecea,NA
1957,SraL,Cedecea,70
1958,STnc850,Cedecea,NA
1959,STnc4180,Cedecea,NA
1960,STnc1670,Cedecea,72
1961,STnc1860,Cedecea,NA
1962,STnc2100,Cedecea,83
1963,STnc1040,Cedecea,NA
1964,OxyS,Cedecea,62.6666666666667
1965,MicF,Cedecea,90.6666666666667
1966,DsrA,Cedecea,84.6666666666667
1967,STnc200,Cedecea,72.3333333333333
1968,STnc880,Cedecea,86
1969,tpke70,Cedecea,63.6666666666667
1970,STnc1340,Cedecea,87
1971,STnc3850,Cedecea,57.3333333333333
1972,ChiX,Cedecea,72
1973,STnc2180,Cedecea,78
1974,SroC,Cedecea,72
1975,STnc4080,Cedecea,71.3333333333333
1976,OmrB,Cedecea,85.3333333333333
1977,t44,Cedecea,NA
1978,CyaR,Cedecea,95
1979,RyhB‑1,Cedecea,86
1980,STnc2130,Cedecea,80.6666666666667
1981,RprA,Cedecea,91
1982,ArcZ,Cedecea,70.6666666666667
1983,SraA,Cedecea,76
1984,tpke11,Cedecea,76
1985,SraF,Cedecea,76.3333333333333
1986,STnc800,Cedecea,75
1987,STnc790,Cedecea,60.6666666666667
1988,OmrA,Cedecea,84
1989,CsrB,Cedecea,76
1990,FnrS,Cedecea,93.3333333333333
1991,GlmZ,Cedecea,85.3333333333333
1992,MicA,Cedecea,86
1993,STnc870,Cedecea,71
1994,SdsR,Cedecea,97.6666666666667
1995,SroG,Cedecea,91.3333333333333
1996,SraG,Cedecea,83
1997,STnc700,Cedecea,88
1998,Spf,Cedecea,97
1999,GlmY,Cedecea,76.3333333333333
2000,GcvB,Cedecea,91.6666666666667
2001,STnc3800,Cronobacter,NA
2002,STnc1310,Cronobacter,NA
2003,STnc1280,Cronobacter,NA
2004,STnc2080,Cronobacter,NA
2005,STnc1920,Cronobacter,NA
2006,STnc1740,Cronobacter,NA
2007,STnc2160,Cronobacter,NA
2008,STnc400,Cronobacter,NA
2009,STnc4130,Cronobacter,NA
2010,STnc3170,Cronobacter,NA
2011,STnc1400,Cronobacter,NA
2012,STnc4100,Cronobacter,NA
2013,IsrB‑1,Cronobacter,NA
2014,IsrB‑2,Cronobacter,NA
2015,STnc1480,Cronobacter,NA
2016,STnc1080,Cronobacter,NA
2017,STnc1390,Cronobacter,NA
2018,IsrF,Cronobacter,NA
2019,STnc3300,Cronobacter,NA
2020,IsrJ,Cronobacter,NA
2021,STnc3060,Cronobacter,NA
2022,IsrC,Cronobacter,NA
2023,STnc780,Cronobacter,NA
2024,STnc750,Cronobacter,NA
2025,STnc1710,Cronobacter,NA
2026,STnc3920,Cronobacter,NA
2027,STnc4070,Cronobacter,NA
2028,STnc290,Cronobacter,NA
2029,STnc3200,Cronobacter,NA
2030,STnc2050,Cronobacter,NA
2031,STnc500,Cronobacter,NA
2032,STnc3760,Cronobacter,NA
2033,STnc1700,Cronobacter,NA
2034,IsrP,Cronobacter,NA
2035,STnc3530,Cronobacter,NA
2036,STnc1150,Cronobacter,NA
2037,STnc3630,Cronobacter,NA
2038,STnc3890,Cronobacter,NA
2039,STnc1760,Cronobacter,NA
2040,STnc380,Cronobacter,NA
2041,STnc1890,Cronobacter,NA
2042,STnc3280,Cronobacter,NA
2043,IsrD,Cronobacter,NA
2044,STnc4110,Cronobacter,NA
2045,IsrH_1_2,Cronobacter,NA
2046,STnc070,Cronobacter,NA
2047,STnc3180,Cronobacter,NA
2048,STnc3500,Cronobacter,NA
2049,STnc3420,Cronobacter,NA
2050,STnc3990,Cronobacter,NA
2051,STnc3030,Cronobacter,NA
2052,STnc3740,Cronobacter,NA
2053,STnc950,Cronobacter,NA
2054,STnc4260,Cronobacter,NA
2055,STnc470,Cronobacter,NA
2056,STnc310,Cronobacter,NA
2057,STnc1990,Cronobacter,NA
2058,STnc3330,Cronobacter,NA
2059,IsrO,Cronobacter,NA
2060,STnc760,Cronobacter,NA
2061,STnc1690,Cronobacter,NA
2062,IsrQ,Cronobacter,NA
2063,STnc4210,Cronobacter,NA
2064,STnc3230,Cronobacter,NA
2065,STnc440,Cronobacter,NA
2066,STnc3750,Cronobacter,NA
2067,sRNA1,Cronobacter,NA
2068,STnc2030,Cronobacter,NA
2069,InvR,Cronobacter,NA
2070,STnc890,Cronobacter,NA
2071,STnc1600,Cronobacter,NA
2072,STnc1880,Cronobacter,NA
2073,STnc3620,Cronobacter,NA
2074,STnc3580,Cronobacter,NA
2075,STnc1870,Cronobacter,NA
2076,STnc3050,Cronobacter,NA
2077,STnc3090,Cronobacter,NA
2078,STnc4160,Cronobacter,NA
2079,STnc340,Cronobacter,NA
2080,STnc980,Cronobacter,NA
2081,STnc3610,Cronobacter,NA
2082,STnc3350,Cronobacter,NA
2083,sRNA9,Cronobacter,NA
2084,STnc3640,Cronobacter,NA
2085,RseX,Cronobacter,NA
2086,STnc3970,Cronobacter,NA
2087,STnc1010,Cronobacter,NA
2088,STnc3480,Cronobacter,NA
2089,STnc150,Cronobacter,66
2090,STnc3830,Cronobacter,NA
2091,STnc740,Cronobacter,NA
2092,STnc1510,Cronobacter,NA
2093,STnc540,Cronobacter,NA
2094,STnc1500,Cronobacter,NA
2095,STnc1650,Cronobacter,NA
2096,STnc2110,Cronobacter,NA
2097,STnc3010,Cronobacter,NA
2098,RyjB,Cronobacter,NA
2099,STnc3040,Cronobacter,NA
2100,STnc810,Cronobacter,NA
2101,IsrK,Cronobacter,68
2102,RybD,Cronobacter,NA
2103,STnc1210,Cronobacter,NA
2104,STnc1470,Cronobacter,NA
2105,STnc3150,Cronobacter,NA
2106,STnc3340,Cronobacter,NA
2107,STnc3720,Cronobacter,NA
2108,STnc1200,Cronobacter,82
2109,STnc480,Cronobacter,NA
2110,STnc1160,Cronobacter,74
2111,STnc350,Cronobacter,NA
2112,STnc4000,Cronobacter,NA
2113,STnc3250,Cronobacter,NA
2114,STnc3570,Cronobacter,79.5
2115,STnc4170,Cronobacter,NA
2116,STnc3730,Cronobacter,NA
2117,RydC,Cronobacter,NA
2118,STnc1030,Cronobacter,NA
2119,STnc1060,Cronobacter,NA
2120,STnc490,Cronobacter,NA
2121,STnc1180,Cronobacter,NA
2122,RygD,Cronobacter,NA
2123,RygC,Cronobacter,NA
2124,STnc710,Cronobacter,NA
2125,SraB,Cronobacter,NA
2126,STnc520,Cronobacter,NA
2127,STnc1110,Cronobacter,NA
2128,STnc3390,Cronobacter,NA
2129,STnc630,Cronobacter,NA
2130,IsrN,Cronobacter,NA
2131,RyeC,Cronobacter,NA
2132,RydB,Cronobacter,NA
2133,STnc2040,Cronobacter,NA
2134,STnc840,Cronobacter,NA
2135,DapZ,Cronobacter,76
2136,STnc2070,Cronobacter,NA
2137,sRNA12,Cronobacter,NA
2138,STnc1420,Cronobacter,NA
2139,STnc1460,Cronobacter,NA
2140,STnc3160,Cronobacter,NA
2141,sRNA10,Cronobacter,NA
2142,MgrR,Cronobacter,NA
2143,RyfA,Cronobacter,NA
2144,STnc920,Cronobacter,NA
2145,MicC,Cronobacter,NA
2146,STnc1380,Cronobacter,NA
2147,STnc1560,Cronobacter,NA
2148,tp2,Cronobacter,NA
2149,STnc3130,Cronobacter,NA
2150,C0664,Cronobacter,NA
2151,STnc4010,Cronobacter,NA
2152,STnc1640,Cronobacter,70.5
2153,STnc3870,Cronobacter,NA
2154,RybA,Cronobacter,NA
2155,IstR‑1_2,Cronobacter,69.1666666666667
2156,STnc3000,Cronobacter,73
2157,SraL,Cronobacter,NA
2158,STnc850,Cronobacter,73.6
2159,STnc4180,Cronobacter,71.3333333333333
2160,STnc1670,Cronobacter,NA
2161,STnc1860,Cronobacter,69.3333333333333
2162,STnc2100,Cronobacter,78.6666666666667
2163,STnc1040,Cronobacter,NA
2164,OxyS,Cronobacter,69.5
2165,MicF,Cronobacter,88
2166,DsrA,Cronobacter,81.5
2167,STnc200,Cronobacter,72.1666666666667
2168,STnc880,Cronobacter,84.8333333333333
2169,tpke70,Cronobacter,64.1666666666667
2170,STnc1340,Cronobacter,76.6666666666667
2171,STnc3850,Cronobacter,66.8333333333333
2172,ChiX,Cronobacter,68.8333333333333
2173,STnc2180,Cronobacter,94
2174,SroC,Cronobacter,69
2175,STnc4080,Cronobacter,73
2176,OmrB,Cronobacter,86.1666666666667
2177,t44,Cronobacter,90
2178,CyaR,Cronobacter,93
2179,RyhB‑1,Cronobacter,81
2180,STnc2130,Cronobacter,82.1666666666667
2181,RprA,Cronobacter,93.8333333333333
2182,ArcZ,Cronobacter,80
2183,SraA,Cronobacter,68
2184,tpke11,Cronobacter,76
2185,SraF,Cronobacter,69.1666666666667
2186,STnc800,Cronobacter,60.5
2187,STnc790,Cronobacter,64.6666666666667
2188,OmrA,Cronobacter,NA
2189,CsrB,Cronobacter,80.8333333333333
2190,FnrS,Cronobacter,96
2191,GlmZ,Cronobacter,89.1666666666667
2192,MicA,Cronobacter,86
2193,STnc870,Cronobacter,100
2194,SdsR,Cronobacter,97
2195,SroG,Cronobacter,90
2196,SraG,Cronobacter,85
2197,STnc700,Cronobacter,91
2198,Spf,Cronobacter,97
2199,GlmY,Cronobacter,79.5
2200,GcvB,Cronobacter,92
2201,STnc3800,Enterobacter,NA
2202,STnc1310,Enterobacter,NA
2203,STnc1280,Enterobacter,NA
2204,STnc2080,Enterobacter,NA
2205,STnc1920,Enterobacter,NA
2206,STnc1740,Enterobacter,NA
2207,STnc2160,Enterobacter,NA
2208,STnc400,Enterobacter,NA
2209,STnc4130,Enterobacter,NA
2210,STnc3170,Enterobacter,NA
2211,STnc1400,Enterobacter,93.2
2212,STnc4100,Enterobacter,NA
2213,IsrB‑1,Enterobacter,75
2214,IsrB‑2,Enterobacter,76
2215,STnc1480,Enterobacter,NA
2216,STnc1080,Enterobacter,80.8571428571429
2217,STnc1390,Enterobacter,NA
2218,IsrF,Enterobacter,NA
2219,STnc3300,Enterobacter,NA
2220,IsrJ,Enterobacter,83.8333333333333
2221,STnc3060,Enterobacter,NA
2222,IsrC,Enterobacter,NA
2223,STnc780,Enterobacter,NA
2224,STnc750,Enterobacter,NA
2225,STnc1710,Enterobacter,NA
2226,STnc3920,Enterobacter,NA
2227,STnc4070,Enterobacter,NA
2228,STnc290,Enterobacter,NA
2229,STnc3200,Enterobacter,NA
2230,STnc2050,Enterobacter,NA
2231,STnc500,Enterobacter,NA
2232,STnc3760,Enterobacter,NA
2233,STnc1700,Enterobacter,NA
2234,IsrP,Enterobacter,NA
2235,STnc3530,Enterobacter,NA
2236,STnc1150,Enterobacter,NA
2237,STnc3630,Enterobacter,NA
2238,STnc3890,Enterobacter,NA
2239,STnc1760,Enterobacter,NA
2240,STnc380,Enterobacter,NA
2241,STnc1890,Enterobacter,NA
2242,STnc3280,Enterobacter,NA
2243,IsrD,Enterobacter,NA
2244,STnc4110,Enterobacter,NA
2245,IsrH_1_2,Enterobacter,NA
2246,STnc070,Enterobacter,NA
2247,STnc3180,Enterobacter,NA
2248,STnc3500,Enterobacter,NA
2249,STnc3420,Enterobacter,NA
2250,STnc3990,Enterobacter,NA
2251,STnc3030,Enterobacter,NA
2252,STnc3740,Enterobacter,NA
2253,STnc950,Enterobacter,NA
2254,STnc4260,Enterobacter,NA
2255,STnc470,Enterobacter,NA
2256,STnc310,Enterobacter,NA
2257,STnc1990,Enterobacter,NA
2258,STnc3330,Enterobacter,NA
2259,IsrO,Enterobacter,NA
2260,STnc760,Enterobacter,NA
2261,STnc1690,Enterobacter,NA
2262,IsrQ,Enterobacter,NA
2263,STnc4210,Enterobacter,NA
2264,STnc3230,Enterobacter,NA
2265,STnc440,Enterobacter,NA
2266,STnc3750,Enterobacter,NA
2267,sRNA1,Enterobacter,NA
2268,STnc2030,Enterobacter,NA
2269,InvR,Enterobacter,NA
2270,STnc890,Enterobacter,NA
2271,STnc1600,Enterobacter,NA
2272,STnc1880,Enterobacter,NA
2273,STnc3620,Enterobacter,NA
2274,STnc3580,Enterobacter,NA
2275,STnc1870,Enterobacter,NA
2276,STnc3050,Enterobacter,NA
2277,STnc3090,Enterobacter,NA
2278,STnc4160,Enterobacter,NA
2279,STnc340,Enterobacter,NA
2280,STnc980,Enterobacter,NA
2281,STnc3610,Enterobacter,NA
2282,STnc3350,Enterobacter,NA
2283,sRNA9,Enterobacter,NA
2284,STnc3640,Enterobacter,NA
2285,RseX,Enterobacter,NA
2286,STnc3970,Enterobacter,NA
2287,STnc1010,Enterobacter,NA
2288,STnc3480,Enterobacter,NA
2289,STnc150,Enterobacter,NA
2290,STnc3830,Enterobacter,NA
2291,STnc740,Enterobacter,NA
2292,STnc1510,Enterobacter,66.2307692307692
2293,STnc540,Enterobacter,NA
2294,STnc1500,Enterobacter,NA
2295,STnc1650,Enterobacter,NA
2296,STnc2110,Enterobacter,NA
2297,STnc3010,Enterobacter,62
2298,RyjB,Enterobacter,NA
2299,STnc3040,Enterobacter,68.6666666666667
2300,STnc810,Enterobacter,NA
2301,IsrK,Enterobacter,69
2302,RybD,Enterobacter,NA
2303,STnc1210,Enterobacter,NA
2304,STnc1470,Enterobacter,68
2305,STnc3150,Enterobacter,61.1111111111111
2306,STnc3340,Enterobacter,78.6666666666667
2307,STnc3720,Enterobacter,75.5
2308,STnc1200,Enterobacter,NA
2309,STnc480,Enterobacter,NA
2310,STnc1160,Enterobacter,69
2311,STnc350,Enterobacter,NA
2312,STnc4000,Enterobacter,69
2313,STnc3250,Enterobacter,59.6
2314,STnc3570,Enterobacter,74.4285714285714
2315,STnc4170,Enterobacter,NA
2316,STnc3730,Enterobacter,NA
2317,RydC,Enterobacter,NA
2318,STnc1030,Enterobacter,70
2319,STnc1060,Enterobacter,NA
2320,STnc490,Enterobacter,NA
2321,STnc1180,Enterobacter,NA
2322,RygD,Enterobacter,NA
2323,RygC,Enterobacter,NA
2324,STnc710,Enterobacter,NA
2325,SraB,Enterobacter,NA
2326,STnc520,Enterobacter,NA
2327,STnc1110,Enterobacter,NA
2328,STnc3390,Enterobacter,77
2329,STnc630,Enterobacter,NA
2330,IsrN,Enterobacter,91
2331,RyeC,Enterobacter,NA
2332,RydB,Enterobacter,NA
2333,STnc2040,Enterobacter,77.7777777777778
2334,STnc840,Enterobacter,73.3333333333333
2335,DapZ,Enterobacter,78.5
2336,STnc2070,Enterobacter,NA
2337,sRNA12,Enterobacter,71.8333333333333
2338,STnc1420,Enterobacter,NA
2339,STnc1460,Enterobacter,73.3333333333333
2340,STnc3160,Enterobacter,72
2341,sRNA10,Enterobacter,73.25
2342,MgrR,Enterobacter,79.1666666666667
2343,RyfA,Enterobacter,61.4545454545455
2344,STnc920,Enterobacter,81.8
2345,MicC,Enterobacter,NA
2346,STnc1380,Enterobacter,77
2347,STnc1560,Enterobacter,77.75
2348,tp2,Enterobacter,79
2349,STnc3130,Enterobacter,78.75
2350,C0664,Enterobacter,75.3333333333333
2351,STnc4010,Enterobacter,72.7333333333333
2352,STnc1640,Enterobacter,65.8
2353,STnc3870,Enterobacter,NA
2354,RybA,Enterobacter,82.5
2355,IstR‑1_2,Enterobacter,78.75
2356,STnc3000,Enterobacter,80.625
2357,SraL,Enterobacter,86.6875
2358,STnc850,Enterobacter,86.5625
2359,STnc4180,Enterobacter,76.2857142857143
2360,STnc1670,Enterobacter,70
2361,STnc1860,Enterobacter,81.875
2362,STnc2100,Enterobacter,77.0625
2363,STnc1040,Enterobacter,94
2364,OxyS,Enterobacter,75.5
2365,MicF,Enterobacter,92.875
2366,DsrA,Enterobacter,88.375
2367,STnc200,Enterobacter,75.875
2368,STnc880,Enterobacter,91.5625
2369,tpke70,Enterobacter,73.4375
2370,STnc1340,Enterobacter,88.9375
2371,STnc3850,Enterobacter,75.875
2372,ChiX,Enterobacter,81.0666666666667
2373,STnc2180,Enterobacter,90.3125
2374,SroC,Enterobacter,76.125
2375,STnc4080,Enterobacter,76
2376,OmrB,Enterobacter,87.4545454545455
2377,t44,Enterobacter,93.8125
2378,CyaR,Enterobacter,97.5625
2379,RyhB‑1,Enterobacter,87.625
2380,STnc2130,Enterobacter,81.3125
2381,RprA,Enterobacter,95.9375
2382,ArcZ,Enterobacter,77.625
2383,SraA,Enterobacter,85.375
2384,tpke11,Enterobacter,73.1875
2385,SraF,Enterobacter,82.9375
2386,STnc800,Enterobacter,64.0833333333333
2387,STnc790,Enterobacter,64.5384615384615
2388,OmrA,Enterobacter,88.8125
2389,CsrB,Enterobacter,82.625
2390,FnrS,Enterobacter,97.5625
2391,GlmZ,Enterobacter,90.8125
2392,MicA,Enterobacter,87.875
2393,STnc870,Enterobacter,99.75
2394,SdsR,Enterobacter,98.5
2395,SroG,Enterobacter,89.1875
2396,SraG,Enterobacter,88.125
2397,STnc700,Enterobacter,94.3125
2398,Spf,Enterobacter,97.9375
2399,GlmY,Enterobacter,90.5625
2400,GcvB,Enterobacter,93.875
2401,STnc3800,Klebsiella,NA
2402,STnc1310,Klebsiella,NA
2403,STnc1280,Klebsiella,NA
2404,STnc2080,Klebsiella,NA
2405,STnc1920,Klebsiella,NA
2406,STnc1740,Klebsiella,NA
2407,STnc2160,Klebsiella,NA
2408,STnc400,Klebsiella,83
2409,STnc4130,Klebsiella,NA
2410,STnc3170,Klebsiella,94
2411,STnc1400,Klebsiella,80
2412,STnc4100,Klebsiella,NA
2413,IsrB‑1,Klebsiella,NA
2414,IsrB‑2,Klebsiella,NA
2415,STnc1480,Klebsiella,NA
2416,STnc1080,Klebsiella,82
2417,STnc1390,Klebsiella,87
2418,IsrF,Klebsiella,NA
2419,STnc3300,Klebsiella,NA
2420,IsrJ,Klebsiella,85.3333333333333
2421,STnc3060,Klebsiella,NA
2422,IsrC,Klebsiella,NA
2423,STnc780,Klebsiella,NA
2424,STnc750,Klebsiella,NA
2425,STnc1710,Klebsiella,NA
2426,STnc3920,Klebsiella,NA
2427,STnc4070,Klebsiella,NA
2428,STnc290,Klebsiella,NA
2429,STnc3200,Klebsiella,NA
2430,STnc2050,Klebsiella,NA
2431,STnc500,Klebsiella,NA
2432,STnc3760,Klebsiella,NA
2433,STnc1700,Klebsiella,NA
2434,IsrP,Klebsiella,NA
2435,STnc3530,Klebsiella,NA
2436,STnc1150,Klebsiella,NA
2437,STnc3630,Klebsiella,NA
2438,STnc3890,Klebsiella,NA
2439,STnc1760,Klebsiella,NA
2440,STnc380,Klebsiella,NA
2441,STnc1890,Klebsiella,NA
2442,STnc3280,Klebsiella,NA
2443,IsrD,Klebsiella,NA
2444,STnc4110,Klebsiella,NA
2445,IsrH_1_2,Klebsiella,NA
2446,STnc070,Klebsiella,NA
2447,STnc3180,Klebsiella,NA
2448,STnc3500,Klebsiella,NA
2449,STnc3420,Klebsiella,NA
2450,STnc3990,Klebsiella,NA
2451,STnc3030,Klebsiella,NA
2452,STnc3740,Klebsiella,NA
2453,STnc950,Klebsiella,NA
2454,STnc4260,Klebsiella,NA
2455,STnc470,Klebsiella,NA
2456,STnc310,Klebsiella,NA
2457,STnc1990,Klebsiella,NA
2458,STnc3330,Klebsiella,NA
2459,IsrO,Klebsiella,NA
2460,STnc760,Klebsiella,NA
2461,STnc1690,Klebsiella,NA
2462,IsrQ,Klebsiella,NA
2463,STnc4210,Klebsiella,NA
2464,STnc3230,Klebsiella,NA
2465,STnc440,Klebsiella,NA
2466,STnc3750,Klebsiella,NA
2467,sRNA1,Klebsiella,NA
2468,STnc2030,Klebsiella,NA
2469,InvR,Klebsiella,NA
2470,STnc890,Klebsiella,NA
2471,STnc1600,Klebsiella,NA
2472,STnc1880,Klebsiella,NA
2473,STnc3620,Klebsiella,NA
2474,STnc3580,Klebsiella,NA
2475,STnc1870,Klebsiella,NA
2476,STnc3050,Klebsiella,94
2477,STnc3090,Klebsiella,62.6
2478,STnc4160,Klebsiella,60.1666666666667
2479,STnc340,Klebsiella,NA
2480,STnc980,Klebsiella,NA
2481,STnc3610,Klebsiella,NA
2482,STnc3350,Klebsiella,NA
2483,sRNA9,Klebsiella,NA
2484,STnc3640,Klebsiella,NA
2485,RseX,Klebsiella,NA
2486,STnc3970,Klebsiella,NA
2487,STnc1010,Klebsiella,NA
2488,STnc3480,Klebsiella,NA
2489,STnc150,Klebsiella,66.7777777777778
2490,STnc3830,Klebsiella,NA
2491,STnc740,Klebsiella,NA
2492,STnc1510,Klebsiella,67
2493,STnc540,Klebsiella,NA
2494,STnc1500,Klebsiella,NA
2495,STnc1650,Klebsiella,NA
2496,STnc2110,Klebsiella,NA
2497,STnc3010,Klebsiella,NA
2498,RyjB,Klebsiella,NA
2499,STnc3040,Klebsiella,NA
2500,STnc810,Klebsiella,NA
2501,IsrK,Klebsiella,74
2502,RybD,Klebsiella,73.9677419354839
2503,STnc1210,Klebsiella,80.8064516129032
2504,STnc1470,Klebsiella,74.6
2505,STnc3150,Klebsiella,NA
2506,STnc3340,Klebsiella,NA
2507,STnc3720,Klebsiella,NA
2508,STnc1200,Klebsiella,78.2
2509,STnc480,Klebsiella,90
2510,STnc1160,Klebsiella,67.3333333333333
2511,STnc350,Klebsiella,67.0645161290323
2512,STnc4000,Klebsiella,NA
2513,STnc3250,Klebsiella,NA
2514,STnc3570,Klebsiella,72.2142857142857
2515,STnc4170,Klebsiella,71.4285714285714
2516,STnc3730,Klebsiella,NA
2517,RydC,Klebsiella,NA
2518,STnc1030,Klebsiella,78.6666666666667
2519,STnc1060,Klebsiella,85
2520,STnc490,Klebsiella,NA
2521,STnc1180,Klebsiella,NA
2522,RygD,Klebsiella,83.6666666666667
2523,RygC,Klebsiella,94
2524,STnc710,Klebsiella,78
2525,SraB,Klebsiella,NA
2526,STnc520,Klebsiella,NA
2527,STnc1110,Klebsiella,40.6
2528,STnc3390,Klebsiella,73
2529,STnc630,Klebsiella,NA
2530,IsrN,Klebsiella,70.7916666666667
2531,RyeC,Klebsiella,NA
2532,RydB,Klebsiella,75
2533,STnc2040,Klebsiella,NA
2534,STnc840,Klebsiella,NA
2535,DapZ,Klebsiella,79.8888888888889
2536,STnc2070,Klebsiella,NA
2537,sRNA12,Klebsiella,NA
2538,STnc1420,Klebsiella,74.375
2539,STnc1460,Klebsiella,71.5555555555556
2540,STnc3160,Klebsiella,70.3333333333333
2541,sRNA10,Klebsiella,73
2542,MgrR,Klebsiella,68
2543,RyfA,Klebsiella,NA
2544,STnc920,Klebsiella,NA
2545,MicC,Klebsiella,68.4411764705882
2546,STnc1380,Klebsiella,82
2547,STnc1560,Klebsiella,80
2548,tp2,Klebsiella,NA
2549,STnc3130,Klebsiella,84.3611111111111
2550,C0664,Klebsiella,74.3333333333333
2551,STnc4010,Klebsiella,54.6774193548387
2552,STnc1640,Klebsiella,70.375
2553,STnc3870,Klebsiella,55.5625
2554,RybA,Klebsiella,71.9444444444444
2555,IstR‑1_2,Klebsiella,77.4857142857143
2556,STnc3000,Klebsiella,78.8055555555556
2557,SraL,Klebsiella,82.1388888888889
2558,STnc850,Klebsiella,74.0833333333333
2559,STnc4180,Klebsiella,75.3888888888889
2560,STnc1670,Klebsiella,76.4
2561,STnc1860,Klebsiella,80.75
2562,STnc2100,Klebsiella,86.6756756756757
2563,STnc1040,Klebsiella,85.7352941176471
2564,OxyS,Klebsiella,74.7666666666667
2565,MicF,Klebsiella,96.7837837837838
2566,DsrA,Klebsiella,86.5945945945946
2567,STnc200,Klebsiella,64.2777777777778
2568,STnc880,Klebsiella,92.027027027027
2569,tpke70,Klebsiella,73.4864864864865
2570,STnc1340,Klebsiella,82.6216216216216
2571,STnc3850,Klebsiella,69
2572,ChiX,Klebsiella,81.8108108108108
2573,STnc2180,Klebsiella,99.027027027027
2574,SroC,Klebsiella,76.054054054054
2575,STnc4080,Klebsiella,69.3513513513514
2576,OmrB,Klebsiella,89.2972972972973
2577,t44,Klebsiella,91.1666666666667
2578,CyaR,Klebsiella,96.3513513513514
2579,RyhB‑1,Klebsiella,85.027027027027
2580,STnc2130,Klebsiella,79.4054054054054
2581,RprA,Klebsiella,95.4594594594595
2582,ArcZ,Klebsiella,74.3783783783784
2583,SraA,Klebsiella,80.8611111111111
2584,tpke11,Klebsiella,84.7567567567568
2585,SraF,Klebsiella,80.027027027027
2586,STnc800,Klebsiella,66.1081081081081
2587,STnc790,Klebsiella,65.8918918918919
2588,OmrA,Klebsiella,86.1891891891892
2589,CsrB,Klebsiella,80.5945945945946
2590,FnrS,Klebsiella,97.2162162162162
2591,GlmZ,Klebsiella,89.71875
2592,MicA,Klebsiella,81.5675675675676
2593,STnc870,Klebsiella,99.2162162162162
2594,SdsR,Klebsiella,98.7297297297297
2595,SroG,Klebsiella,89.5405405405405
2596,SraG,Klebsiella,80.2702702702703
2597,STnc700,Klebsiella,89.9189189189189
2598,Spf,Klebsiella,97
2599,GlmY,Klebsiella,88.1891891891892
2600,GcvB,Klebsiella,87.2972972972973
2601,STnc3800,Escherichia,NA
2602,STnc1310,Escherichia,NA
2603,STnc1280,Escherichia,NA
2604,STnc2080,Escherichia,NA
2605,STnc1920,Escherichia,NA
2606,STnc1740,Escherichia,99
2607,STnc2160,Escherichia,98
2608,STnc400,Escherichia,NA
2609,STnc4130,Escherichia,NA
2610,STnc3170,Escherichia,NA
2611,STnc1400,Escherichia,NA
2612,STnc4100,Escherichia,NA
2613,IsrB‑1,Escherichia,NA
2614,IsrB‑2,Escherichia,NA
2615,STnc1480,Escherichia,NA
2616,STnc1080,Escherichia,69
2617,STnc1390,Escherichia,84
2618,IsrF,Escherichia,NA
2619,STnc3300,Escherichia,72
2620,IsrJ,Escherichia,84
2621,STnc3060,Escherichia,89
2622,IsrC,Escherichia,NA
2623,STnc780,Escherichia,NA
2624,STnc750,Escherichia,66
2625,STnc1710,Escherichia,NA
2626,STnc3920,Escherichia,NA
2627,STnc4070,Escherichia,NA
2628,STnc290,Escherichia,NA
2629,STnc3200,Escherichia,NA
2630,STnc2050,Escherichia,NA
2631,STnc500,Escherichia,NA
2632,STnc3760,Escherichia,NA
2633,STnc1700,Escherichia,NA
2634,IsrP,Escherichia,NA
2635,STnc3530,Escherichia,NA
2636,STnc1150,Escherichia,NA
2637,STnc3630,Escherichia,NA
2638,STnc3890,Escherichia,NA
2639,STnc1760,Escherichia,NA
2640,STnc380,Escherichia,NA
2641,STnc1890,Escherichia,NA
2642,STnc3280,Escherichia,NA
2643,IsrD,Escherichia,NA
2644,STnc4110,Escherichia,NA
2645,IsrH_1_2,Escherichia,NA
2646,STnc070,Escherichia,NA
2647,STnc3180,Escherichia,NA
2648,STnc3500,Escherichia,NA
2649,STnc3420,Escherichia,NA
2650,STnc3990,Escherichia,NA
2651,STnc3030,Escherichia,NA
2652,STnc3740,Escherichia,NA
2653,STnc950,Escherichia,NA
2654,STnc4260,Escherichia,NA
2655,STnc470,Escherichia,NA
2656,STnc310,Escherichia,NA
2657,STnc1990,Escherichia,NA
2658,STnc3330,Escherichia,NA
2659,IsrO,Escherichia,NA
2660,STnc760,Escherichia,NA
2661,STnc1690,Escherichia,NA
2662,IsrQ,Escherichia,NA
2663,STnc4210,Escherichia,NA
2664,STnc3230,Escherichia,NA
2665,STnc440,Escherichia,NA
2666,STnc3750,Escherichia,NA
2667,sRNA1,Escherichia,NA
2668,STnc2030,Escherichia,NA
2669,InvR,Escherichia,NA
2670,STnc890,Escherichia,NA
2671,STnc1600,Escherichia,NA
2672,STnc1880,Escherichia,NA
2673,STnc3620,Escherichia,NA
2674,STnc3580,Escherichia,NA
2675,STnc1870,Escherichia,70.75
2676,STnc3050,Escherichia,NA
2677,STnc3090,Escherichia,NA
2678,STnc4160,Escherichia,NA
2679,STnc340,Escherichia,NA
2680,STnc980,Escherichia,NA
2681,STnc3610,Escherichia,NA
2682,STnc3350,Escherichia,NA
2683,sRNA9,Escherichia,NA
2684,STnc3640,Escherichia,58
2685,RseX,Escherichia,67
2686,STnc3970,Escherichia,82
2687,STnc1010,Escherichia,70.28
2688,STnc3480,Escherichia,NA
2689,STnc150,Escherichia,NA
2690,STnc3830,Escherichia,NA
2691,STnc740,Escherichia,75.9705882352941
2692,STnc1510,Escherichia,NA
2693,STnc540,Escherichia,NA
2694,STnc1500,Escherichia,NA
2695,STnc1650,Escherichia,NA
2696,STnc2110,Escherichia,79
2697,STnc3010,Escherichia,NA
2698,RyjB,Escherichia,83.8285714285714
2699,STnc3040,Escherichia,NA
2700,STnc810,Escherichia,75.16
2701,IsrK,Escherichia,80.7096774193548
2702,RybD,Escherichia,69
2703,STnc1210,Escherichia,NA
2704,STnc1470,Escherichia,76.4411764705882
2705,STnc3150,Escherichia,66.7083333333333
2706,STnc3340,Escherichia,81
2707,STnc3720,Escherichia,NA
2708,STnc1200,Escherichia,81
2709,STnc480,Escherichia,85.9375
2710,STnc1160,Escherichia,78.9444444444444
2711,STnc350,Escherichia,61
2712,STnc4000,Escherichia,64.8918918918919
2713,STnc3250,Escherichia,58.4146341463415
2714,STnc3570,Escherichia,NA
2715,STnc4170,Escherichia,65.5
2716,STnc3730,Escherichia,58.9066666666667
2717,RydC,Escherichia,80.7216494845361
2718,STnc1030,Escherichia,76
2719,STnc1060,Escherichia,79.2553191489362
2720,STnc490,Escherichia,91
2721,STnc1180,Escherichia,81.3775510204082
2722,RygD,Escherichia,86.2244897959184
2723,RygC,Escherichia,70.6122448979592
2724,STnc710,Escherichia,85.1530612244898
2725,SraB,Escherichia,91.234693877551
2726,STnc520,Escherichia,74.1666666666667
2727,STnc1110,Escherichia,68.8947368421053
2728,STnc3390,Escherichia,80.0618556701031
2729,STnc630,Escherichia,73.6938775510204
2730,IsrN,Escherichia,88
2731,RyeC,Escherichia,84.9489795918367
2732,RydB,Escherichia,90.701030927835
2733,STnc2040,Escherichia,75.765306122449
2734,STnc840,Escherichia,79.3229166666667
2735,DapZ,Escherichia,NA
2736,STnc2070,Escherichia,78.265306122449
2737,sRNA12,Escherichia,81.9072164948454
2738,STnc1420,Escherichia,87.5714285714286
2739,STnc1460,Escherichia,59.125
2740,STnc3160,Escherichia,73.0549450549451
2741,sRNA10,Escherichia,82.9591836734694
2742,MgrR,Escherichia,85.7291666666667
2743,RyfA,Escherichia,73.8979591836735
2744,STnc920,Escherichia,87.5876288659794
2745,MicC,Escherichia,77.15625
2746,STnc1380,Escherichia,84.125
2747,STnc1560,Escherichia,81.9591836734694
2748,tp2,Escherichia,85.0204081632653
2749,STnc3130,Escherichia,72.2142857142857
2750,C0664,Escherichia,67.8367346938775
2751,STnc4010,Escherichia,75.734693877551
2752,STnc1640,Escherichia,76.6938775510204
2753,STnc3870,Escherichia,46.7758620689655
2754,RybA,Escherichia,81.1530612244898
2755,IstR‑1_2,Escherichia,82.1038961038961
2756,STnc3000,Escherichia,85.5714285714286
2757,SraL,Escherichia,93.9897959183673
2758,STnc850,Escherichia,90.9183673469388
2759,STnc4180,Escherichia,74.4081632653061
2760,STnc1670,Escherichia,79.3265306122449
2761,STnc1860,Escherichia,70.1938775510204
2762,STnc2100,Escherichia,79.0309278350515
2763,STnc1040,Escherichia,83.469387755102
2764,OxyS,Escherichia,85.9591836734694
2765,MicF,Escherichia,97.3186813186813
2766,DsrA,Escherichia,90.0326086956522
2767,STnc200,Escherichia,78.6122448979592
2768,STnc880,Escherichia,89.6428571428571
2769,tpke70,Escherichia,81.0612244897959
2770,STnc1340,Escherichia,99.9081632653061
2771,STnc3850,Escherichia,74.9387755102041
2772,ChiX,Escherichia,75.0103092783505
2773,STnc2180,Escherichia,97.9183673469388
2774,SroC,Escherichia,80.6428571428571
2775,STnc4080,Escherichia,76.6122448979592
2776,OmrB,Escherichia,88.9387755102041
2777,t44,Escherichia,93.9183673469388
2778,CyaR,Escherichia,94.0927835051546
2779,RyhB‑1,Escherichia,78.0204081632653
2780,STnc2130,Escherichia,96.8775510204082
2781,RprA,Escherichia,95.9285714285714
2782,ArcZ,Escherichia,89.8202247191011
2783,SraA,Escherichia,86.8478260869565
2784,tpke11,Escherichia,81.8469387755102
2785,SraF,Escherichia,87.9690721649485
2786,STnc800,Escherichia,57.8367346938776
2787,STnc790,Escherichia,57.265306122449
2788,OmrA,Escherichia,98.8877551020408
2789,CsrB,Escherichia,87.7040816326531
2790,FnrS,Escherichia,98.020618556701
2791,GlmZ,Escherichia,91.8469387755102
2792,MicA,Escherichia,93.0918367346939
2793,STnc870,Escherichia,99.4897959183673
2794,SdsR,Escherichia,95.9897959183673
2795,SroG,Escherichia,88.0102040816327
2796,SraG,Escherichia,91.9795918367347
2797,STnc700,Escherichia,93.8265306122449
2798,Spf,Escherichia,97.9591836734694
2799,GlmY,Escherichia,92.5714285714286
2800,GcvB,Escherichia,95
2801,STnc3800,Shigella,NA
2802,STnc1310,Shigella,NA
2803,STnc1280,Shigella,NA
2804,STnc2080,Shigella,NA
2805,STnc1920,Shigella,NA
2806,STnc1740,Shigella,NA
2807,STnc2160,Shigella,NA
2808,STnc400,Shigella,NA
2809,STnc4130,Shigella,NA
2810,STnc3170,Shigella,NA
2811,STnc1400,Shigella,NA
2812,STnc4100,Shigella,NA
2813,IsrB‑1,Shigella,NA
2814,IsrB‑2,Shigella,NA
2815,STnc1480,Shigella,NA
2816,STnc1080,Shigella,NA
2817,STnc1390,Shigella,NA
2818,IsrF,Shigella,NA
2819,STnc3300,Shigella,NA
2820,IsrJ,Shigella,NA
2821,STnc3060,Shigella,NA
2822,IsrC,Shigella,NA
2823,STnc780,Shigella,NA
2824,STnc750,Shigella,NA
2825,STnc1710,Shigella,NA
2826,STnc3920,Shigella,NA
2827,STnc4070,Shigella,NA
2828,STnc290,Shigella,NA
2829,STnc3200,Shigella,NA
2830,STnc2050,Shigella,NA
2831,STnc500,Shigella,NA
2832,STnc3760,Shigella,NA
2833,STnc1700,Shigella,NA
2834,IsrP,Shigella,NA
2835,STnc3530,Shigella,NA
2836,STnc1150,Shigella,NA
2837,STnc3630,Shigella,NA
2838,STnc3890,Shigella,NA
2839,STnc1760,Shigella,NA
2840,STnc380,Shigella,NA
2841,STnc1890,Shigella,NA
2842,STnc3280,Shigella,NA
2843,IsrD,Shigella,NA
2844,STnc4110,Shigella,NA
2845,IsrH_1_2,Shigella,NA
2846,STnc070,Shigella,NA
2847,STnc3180,Shigella,NA
2848,STnc3500,Shigella,NA
2849,STnc3420,Shigella,NA
2850,STnc3990,Shigella,NA
2851,STnc3030,Shigella,NA
2852,STnc3740,Shigella,NA
2853,STnc950,Shigella,NA
2854,STnc4260,Shigella,NA
2855,STnc470,Shigella,NA
2856,STnc310,Shigella,NA
2857,STnc1990,Shigella,NA
2858,STnc3330,Shigella,NA
2859,IsrO,Shigella,NA
2860,STnc760,Shigella,NA
2861,STnc1690,Shigella,NA
2862,IsrQ,Shigella,NA
2863,STnc4210,Shigella,NA
2864,STnc3230,Shigella,NA
2865,STnc440,Shigella,NA
2866,STnc3750,Shigella,NA
2867,sRNA1,Shigella,NA
2868,STnc2030,Shigella,NA
2869,InvR,Shigella,NA
2870,STnc890,Shigella,NA
2871,STnc1600,Shigella,NA
2872,STnc1880,Shigella,NA
2873,STnc3620,Shigella,NA
2874,STnc3580,Shigella,NA
2875,STnc1870,Shigella,NA
2876,STnc3050,Shigella,NA
2877,STnc3090,Shigella,NA
2878,STnc4160,Shigella,NA
2879,STnc340,Shigella,NA
2880,STnc980,Shigella,NA
2881,STnc3610,Shigella,NA
2882,STnc3350,Shigella,NA
2883,sRNA9,Shigella,NA
2884,STnc3640,Shigella,58
2885,RseX,Shigella,NA
2886,STnc3970,Shigella,NA
2887,STnc1010,Shigella,NA
2888,STnc3480,Shigella,NA
2889,STnc150,Shigella,NA
2890,STnc3830,Shigella,NA
2891,STnc740,Shigella,75.7142857142857
2892,STnc1510,Shigella,NA
2893,STnc540,Shigella,NA
2894,STnc1500,Shigella,NA
2895,STnc1650,Shigella,NA
2896,STnc2110,Shigella,NA
2897,STnc3010,Shigella,NA
2898,RyjB,Shigella,NA
2899,STnc3040,Shigella,NA
2900,STnc810,Shigella,NA
2901,IsrK,Shigella,81.4
2902,RybD,Shigella,NA
2903,STnc1210,Shigella,NA
2904,STnc1470,Shigella,71
2905,STnc3150,Shigella,67
2906,STnc3340,Shigella,NA
2907,STnc3720,Shigella,NA
2908,STnc1200,Shigella,87
2909,STnc480,Shigella,NA
2910,STnc1160,Shigella,82
2911,STnc350,Shigella,NA
2912,STnc4000,Shigella,65
2913,STnc3250,Shigella,57.6666666666667
2914,STnc3570,Shigella,NA
2915,STnc4170,Shigella,67
2916,STnc3730,Shigella,59.5
2917,RydC,Shigella,80.1111111111111
2918,STnc1030,Shigella,NA
2919,STnc1060,Shigella,79.1111111111111
2920,STnc490,Shigella,91
2921,STnc1180,Shigella,82.6666666666667
2922,RygD,Shigella,87.8888888888889
2923,RygC,Shigella,71.8888888888889
2924,STnc710,Shigella,87.8888888888889
2925,SraB,Shigella,92
2926,STnc520,Shigella,73.6666666666667
2927,STnc1110,Shigella,67.1428571428571
2928,STnc3390,Shigella,81.7777777777778
2929,STnc630,Shigella,73.125
2930,IsrN,Shigella,NA
2931,RyeC,Shigella,82.5555555555556
2932,RydB,Shigella,91
2933,STnc2040,Shigella,79.4444444444444
2934,STnc840,Shigella,80.3333333333333
2935,DapZ,Shigella,NA
2936,STnc2070,Shigella,77.2222222222222
2937,sRNA12,Shigella,82.4444444444444
2938,STnc1420,Shigella,89
2939,STnc1460,Shigella,59
2940,STnc3160,Shigella,NA
2941,sRNA10,Shigella,83
2942,MgrR,Shigella,85.7777777777778
2943,RyfA,Shigella,74.2222222222222
2944,STnc920,Shigella,87.5555555555556
2945,MicC,Shigella,77.8888888888889
2946,STnc1380,Shigella,83
2947,STnc1560,Shigella,80.1111111111111
2948,tp2,Shigella,84.7777777777778
2949,STnc3130,Shigella,77.2222222222222
2950,C0664,Shigella,66.8888888888889
2951,STnc4010,Shigella,76.1111111111111
2952,STnc1640,Shigella,77.1111111111111
2953,STnc3870,Shigella,52.4285714285714
2954,RybA,Shigella,80.7777777777778
2955,IstR‑1_2,Shigella,82.125
2956,STnc3000,Shigella,85.8888888888889
2957,SraL,Shigella,94
2958,STnc850,Shigella,90.1111111111111
2959,STnc4180,Shigella,74.5555555555556
2960,STnc1670,Shigella,78.8888888888889
2961,STnc1860,Shigella,71.4444444444444
2962,STnc2100,Shigella,78.8333333333333
2963,STnc1040,Shigella,83
2964,OxyS,Shigella,86
2965,MicF,Shigella,97.2222222222222
2966,DsrA,Shigella,90
2967,STnc200,Shigella,78.7777777777778
2968,STnc880,Shigella,88.5555555555556
2969,tpke70,Shigella,81
2970,STnc1340,Shigella,100
2971,STnc3850,Shigella,75.2222222222222
2972,ChiX,Shigella,74.7777777777778
2973,STnc2180,Shigella,96.2222222222222
2974,SroC,Shigella,80.8888888888889
2975,STnc4080,Shigella,77.2222222222222
2976,OmrB,Shigella,89.1428571428571
2977,t44,Shigella,94
2978,CyaR,Shigella,93.4444444444444
2979,RyhB‑1,Shigella,78.4444444444444
2980,STnc2130,Shigella,97
2981,RprA,Shigella,95.6666666666667
2982,ArcZ,Shigella,90
2983,SraA,Shigella,87.1111111111111
2984,tpke11,Shigella,80.6666666666667
2985,SraF,Shigella,88.1111111111111
2986,STnc800,Shigella,56.1111111111111
2987,STnc790,Shigella,58.5555555555556
2988,OmrA,Shigella,99
2989,CsrB,Shigella,87.7777777777778
2990,FnrS,Shigella,97.8888888888889
2991,GlmZ,Shigella,91.8888888888889
2992,MicA,Shigella,93.4444444444444
2993,STnc870,Shigella,98
2994,SdsR,Shigella,96
2995,SroG,Shigella,88
2996,SraG,Shigella,92
2997,STnc700,Shigella,93.8888888888889
2998,Spf,Shigella,98
2999,GlmY,Shigella,93.1111111111111
3000,GcvB,Shigella,94.5555555555556
3001,STnc3800,Citrobacter,NA
3002,STnc1310,Citrobacter,NA
3003,STnc1280,Citrobacter,NA
3004,STnc2080,Citrobacter,NA
3005,STnc1920,Citrobacter,NA
3006,STnc1740,Citrobacter,NA
3007,STnc2160,Citrobacter,NA
3008,STnc400,Citrobacter,NA
3009,STnc4130,Citrobacter,NA
3010,STnc3170,Citrobacter,69
3011,STnc1400,Citrobacter,87
3012,STnc4100,Citrobacter,NA
3013,IsrB‑1,Citrobacter,76
3014,IsrB‑2,Citrobacter,76
3015,STnc1480,Citrobacter,NA
3016,STnc1080,Citrobacter,NA
3017,STnc1390,Citrobacter,88
3018,IsrF,Citrobacter,NA
3019,STnc3300,Citrobacter,62.75
3020,IsrJ,Citrobacter,86
3021,STnc3060,Citrobacter,NA
3022,IsrC,Citrobacter,NA
3023,STnc780,Citrobacter,NA
3024,STnc750,Citrobacter,NA
3025,STnc1710,Citrobacter,NA
3026,STnc3920,Citrobacter,NA
3027,STnc4070,Citrobacter,NA
3028,STnc290,Citrobacter,NA
3029,STnc3200,Citrobacter,NA
3030,STnc2050,Citrobacter,85
3031,STnc500,Citrobacter,NA
3032,STnc3760,Citrobacter,NA
3033,STnc1700,Citrobacter,NA
3034,IsrP,Citrobacter,NA
3035,STnc3530,Citrobacter,NA
3036,STnc1150,Citrobacter,NA
3037,STnc3630,Citrobacter,NA
3038,STnc3890,Citrobacter,NA
3039,STnc1760,Citrobacter,NA
3040,STnc380,Citrobacter,NA
3041,STnc1890,Citrobacter,NA
3042,STnc3280,Citrobacter,NA
3043,IsrD,Citrobacter,NA
3044,STnc4110,Citrobacter,NA
3045,IsrH_1_2,Citrobacter,NA
3046,STnc070,Citrobacter,NA
3047,STnc3180,Citrobacter,NA
3048,STnc3500,Citrobacter,NA
3049,STnc3420,Citrobacter,NA
3050,STnc3990,Citrobacter,NA
3051,STnc3030,Citrobacter,NA
3052,STnc3740,Citrobacter,NA
3053,STnc950,Citrobacter,NA
3054,STnc4260,Citrobacter,NA
3055,STnc470,Citrobacter,NA
3056,STnc310,Citrobacter,NA
3057,STnc1990,Citrobacter,NA
3058,STnc3330,Citrobacter,NA
3059,IsrO,Citrobacter,NA
3060,STnc760,Citrobacter,NA
3061,STnc1690,Citrobacter,NA
3062,IsrQ,Citrobacter,NA
3063,STnc4210,Citrobacter,NA
3064,STnc3230,Citrobacter,NA
3065,STnc440,Citrobacter,NA
3066,STnc3750,Citrobacter,NA
3067,sRNA1,Citrobacter,NA
3068,STnc2030,Citrobacter,NA
3069,InvR,Citrobacter,NA
3070,STnc890,Citrobacter,NA
3071,STnc1600,Citrobacter,NA
3072,STnc1880,Citrobacter,NA
3073,STnc3620,Citrobacter,NA
3074,STnc3580,Citrobacter,NA
3075,STnc1870,Citrobacter,NA
3076,STnc3050,Citrobacter,NA
3077,STnc3090,Citrobacter,NA
3078,STnc4160,Citrobacter,NA
3079,STnc340,Citrobacter,66
3080,STnc980,Citrobacter,72
3081,STnc3610,Citrobacter,62
3082,STnc3350,Citrobacter,75
3083,sRNA9,Citrobacter,76
3084,STnc3640,Citrobacter,NA
3085,RseX,Citrobacter,71
3086,STnc3970,Citrobacter,86
3087,STnc1010,Citrobacter,NA
3088,STnc3480,Citrobacter,64
3089,STnc150,Citrobacter,NA
3090,STnc3830,Citrobacter,73
3091,STnc740,Citrobacter,NA
3092,STnc1510,Citrobacter,NA
3093,STnc540,Citrobacter,59.3333333333333
3094,STnc1500,Citrobacter,66
3095,STnc1650,Citrobacter,70
3096,STnc2110,Citrobacter,85.3333333333333
3097,STnc3010,Citrobacter,59.6666666666667
3098,RyjB,Citrobacter,78
3099,STnc3040,Citrobacter,67.3333333333333
3100,STnc810,Citrobacter,75
3101,IsrK,Citrobacter,NA
3102,RybD,Citrobacter,NA
3103,STnc1210,Citrobacter,90
3104,STnc1470,Citrobacter,NA
3105,STnc3150,Citrobacter,NA
3106,STnc3340,Citrobacter,86.5
3107,STnc3720,Citrobacter,80.5
3108,STnc1200,Citrobacter,82
3109,STnc480,Citrobacter,83
3110,STnc1160,Citrobacter,72
3111,STnc350,Citrobacter,72
3112,STnc4000,Citrobacter,69.5
3113,STnc3250,Citrobacter,76
3114,STnc3570,Citrobacter,NA
3115,STnc4170,Citrobacter,70
3116,STnc3730,Citrobacter,63.25
3117,RydC,Citrobacter,94
3118,STnc1030,Citrobacter,72
3119,STnc1060,Citrobacter,89
3120,STnc490,Citrobacter,93
3121,STnc1180,Citrobacter,80
3122,RygD,Citrobacter,76
3123,RygC,Citrobacter,94.5
3124,STnc710,Citrobacter,82.5
3125,SraB,Citrobacter,85
3126,STnc520,Citrobacter,75.5
3127,STnc1110,Citrobacter,76
3128,STnc3390,Citrobacter,73
3129,STnc630,Citrobacter,73.25
3130,IsrN,Citrobacter,NA
3131,RyeC,Citrobacter,91.75
3132,RydB,Citrobacter,90.3333333333333
3133,STnc2040,Citrobacter,82
3134,STnc840,Citrobacter,86.75
3135,DapZ,Citrobacter,84
3136,STnc2070,Citrobacter,89.3333333333333
3137,sRNA12,Citrobacter,73
3138,STnc1420,Citrobacter,75.25
3139,STnc1460,Citrobacter,81.6666666666667
3140,STnc3160,Citrobacter,73
3141,sRNA10,Citrobacter,89
3142,MgrR,Citrobacter,80
3143,RyfA,Citrobacter,81
3144,STnc920,Citrobacter,91.25
3145,MicC,Citrobacter,78.25
3146,STnc1380,Citrobacter,83
3147,STnc1560,Citrobacter,78.25
3148,tp2,Citrobacter,90.5
3149,STnc3130,Citrobacter,84.75
3150,C0664,Citrobacter,75.5
3151,STnc4010,Citrobacter,76
3152,STnc1640,Citrobacter,73.5
3153,STnc3870,Citrobacter,69.6666666666667
3154,RybA,Citrobacter,86
3155,IstR‑1_2,Citrobacter,88.25
3156,STnc3000,Citrobacter,93
3157,SraL,Citrobacter,93.75
3158,STnc850,Citrobacter,91.25
3159,STnc4180,Citrobacter,82
3160,STnc1670,Citrobacter,86
3161,STnc1860,Citrobacter,82.25
3162,STnc2100,Citrobacter,89.75
3163,STnc1040,Citrobacter,86
3164,OxyS,Citrobacter,89.25
3165,MicF,Citrobacter,93.5
3166,DsrA,Citrobacter,93
3167,STnc200,Citrobacter,85.25
3168,STnc880,Citrobacter,89.75
3169,tpke70,Citrobacter,84
3170,STnc1340,Citrobacter,97
3171,STnc3850,Citrobacter,72.75
3172,ChiX,Citrobacter,77.5
3173,STnc2180,Citrobacter,98
3174,SroC,Citrobacter,86.5
3175,STnc4080,Citrobacter,75
3176,OmrB,Citrobacter,87
3177,t44,Citrobacter,93
3178,CyaR,Citrobacter,99.25
3179,RyhB‑1,Citrobacter,87.5
3180,STnc2130,Citrobacter,92
3181,RprA,Citrobacter,94.25
3182,ArcZ,Citrobacter,88.5
3183,SraA,Citrobacter,88.25
3184,tpke11,Citrobacter,87.3333333333333
3185,SraF,Citrobacter,88
3186,STnc800,Citrobacter,65.5
3187,STnc790,Citrobacter,63.75
3188,OmrA,Citrobacter,98.75
3189,CsrB,Citrobacter,90.5
3190,FnrS,Citrobacter,99
3191,GlmZ,Citrobacter,94
3192,MicA,Citrobacter,96.5
3193,STnc870,Citrobacter,98.25
3194,SdsR,Citrobacter,97.75
3195,SroG,Citrobacter,89.5
3196,SraG,Citrobacter,94.5
3197,STnc700,Citrobacter,96
3198,Spf,Citrobacter,98
3199,GlmY,Citrobacter,95
3200,GcvB,Citrobacter,97.25
3201,STnc3800,Salmonella,100
3202,STnc1310,Salmonella,99.9230769230769
3203,STnc1280,Salmonella,99.5263157894737
3204,STnc2080,Salmonella,99.64
3205,STnc1920,Salmonella,99.7931034482759
3206,STnc1740,Salmonella,99.6428571428571
3207,STnc2160,Salmonella,100
3208,STnc400,Salmonella,100
3209,STnc4130,Salmonella,99.2820512820513
3210,STnc3170,Salmonella,99.4615384615385
3211,STnc1400,Salmonella,99.8333333333333
3212,STnc4100,Salmonella,98.9565217391304
3213,IsrB‑1,Salmonella,99.5135135135135
3214,IsrB‑2,Salmonella,99.5135135135135
3215,STnc1480,Salmonella,80.5294117647059
3216,STnc1080,Salmonella,99.1428571428571
3217,STnc1390,Salmonella,93.15625
3218,IsrF,Salmonella,98.5061728395062
3219,STnc3300,Salmonella,97.1052631578947
3220,IsrJ,Salmonella,97.1944444444444
3221,STnc3060,Salmonella,100
3222,IsrC,Salmonella,99.9074074074074
3223,STnc780,Salmonella,99.605504587156
3224,STnc750,Salmonella,98.9814814814815
3225,STnc1710,Salmonella,99.5945945945946
3226,STnc3920,Salmonella,98.2232142857143
3227,STnc4070,Salmonella,99.8495575221239
3228,STnc290,Salmonella,99.7777777777778
3229,STnc3200,Salmonella,99.6974789915966
3230,STnc2050,Salmonella,99.7979797979798
3231,STnc500,Salmonella,99.9583333333333
3232,STnc3760,Salmonella,98.1885245901639
3233,STnc1700,Salmonella,98.9590163934426
3234,IsrP,Salmonella,99.5528455284553
3235,STnc3530,Salmonella,99.1544715447154
3236,STnc1150,Salmonella,98.4390243902439
3237,STnc3630,Salmonella,99.7886178861789
3238,STnc3890,Salmonella,98.4634146341463
3239,STnc1760,Salmonella,97.6341463414634
3240,STnc380,Salmonella,97.6422764227642
3241,STnc1890,Salmonella,100
3242,STnc3280,Salmonella,98.9674796747967
3243,IsrD,Salmonella,98.7741935483871
3244,STnc4110,Salmonella,95.2661290322581
3245,IsrH_1_2,Salmonella,97.736
3246,STnc070,Salmonella,99.496
3247,STnc3180,Salmonella,97.944
3248,STnc3500,Salmonella,98.944
3249,STnc3420,Salmonella,97.92
3250,STnc3990,Salmonella,98.048
3251,STnc3030,Salmonella,98.784
3252,STnc3740,Salmonella,96.3809523809524
3253,STnc950,Salmonella,99.6825396825397
3254,STnc4260,Salmonella,99.2619047619048
3255,STnc470,Salmonella,98.6692913385827
3256,STnc310,Salmonella,95.9448818897638
3257,STnc1990,Salmonella,98.8818897637795
3258,STnc3330,Salmonella,98.5984251968504
3259,IsrO,Salmonella,98.828125
3260,STnc760,Salmonella,99.1875
3261,STnc1690,Salmonella,99.1171875
3262,IsrQ,Salmonella,97.5
3263,STnc4210,Salmonella,97.6796875
3264,STnc3230,Salmonella,94.859375
3265,STnc440,Salmonella,99.8671875
3266,STnc3750,Salmonella,97.2421875
3267,sRNA1,Salmonella,99.6015625
3268,STnc2030,Salmonella,100
3269,InvR,Salmonella,99.796875
3270,STnc890,Salmonella,97.3046875
3271,STnc1600,Salmonella,98.921875
3272,STnc1880,Salmonella,99.546875
3273,STnc3620,Salmonella,98.421875
3274,STnc3580,Salmonella,97.875
3275,STnc1870,Salmonella,97.0833333333333
3276,STnc3050,Salmonella,98.6178861788618
3277,STnc3090,Salmonella,99.2113821138211
3278,STnc4160,Salmonella,99.390243902439
3279,STnc340,Salmonella,94.3015873015873
3280,STnc980,Salmonella,98.6220472440945
3281,STnc3610,Salmonella,98.1796875
3282,STnc3350,Salmonella,97.609375
3283,sRNA9,Salmonella,99.609375
3284,STnc3640,Salmonella,96.0353982300885
3285,RseX,Salmonella,97.3125
3286,STnc3970,Salmonella,99.921875
3287,STnc1010,Salmonella,96.6953125
3288,STnc3480,Salmonella,97.740157480315
3289,STnc150,Salmonella,97.78125
3290,STnc3830,Salmonella,99.09375
3291,STnc740,Salmonella,98.9736842105263
3292,STnc1510,Salmonella,96.8571428571429
3293,STnc540,Salmonella,98.65625
3294,STnc1500,Salmonella,98.078125
3295,STnc1650,Salmonella,98.875
3296,STnc2110,Salmonella,97.7109375
3297,STnc3010,Salmonella,96.6796875
3298,RyjB,Salmonella,99.8492063492064
3299,STnc3040,Salmonella,99.6328125
3300,STnc810,Salmonella,99.7165354330709
3301,IsrK,Salmonella,98
3302,RybD,Salmonella,99.140625
3303,STnc1210,Salmonella,99.9349593495935
3304,STnc1470,Salmonella,92.36
3305,STnc3150,Salmonella,98.216
3306,STnc3340,Salmonella,99.4765625
3307,STnc3720,Salmonella,99.6171875
3308,STnc1200,Salmonella,99.6576576576577
3309,STnc480,Salmonella,98.4035087719298
3310,STnc1160,Salmonella,97.7037037037037
3311,STnc350,Salmonella,98.90625
3312,STnc4000,Salmonella,98.65625
3313,STnc3250,Salmonella,97.7421875
3314,STnc3570,Salmonella,99.6171875
3315,STnc4170,Salmonella,98.5952380952381
3316,STnc3730,Salmonella,99.34375
3317,RydC,Salmonella,99.4758064516129
3318,STnc1030,Salmonella,99.8780487804878
3319,STnc1060,Salmonella,96.8595041322314
3320,STnc490,Salmonella,99.97
3321,STnc1180,Salmonella,98.8976377952756
3322,RygD,Salmonella,98.488
3323,RygC,Salmonella,96.808
3324,STnc710,Salmonella,97.416
3325,SraB,Salmonella,99.734375
3326,STnc520,Salmonella,99.0703125
3327,STnc1110,Salmonella,98.8031496062992
3328,STnc3390,Salmonella,99.359375
3329,STnc630,Salmonella,99.765625
3330,IsrN,Salmonella,99.8735632183908
3331,RyeC,Salmonella,97.671875
3332,RydB,Salmonella,99.75
3333,STnc2040,Salmonella,98.765625
3334,STnc840,Salmonella,99.96875
3335,DapZ,Salmonella,99.671875
3336,STnc2070,Salmonella,99.5887096774194
3337,sRNA12,Salmonella,99.0703125
3338,STnc1420,Salmonella,97.296875
3339,STnc1460,Salmonella,99.2222222222222
3340,STnc3160,Salmonella,97.9765625
3341,sRNA10,Salmonella,99.8125
3342,MgrR,Salmonella,99.9527559055118
3343,RyfA,Salmonella,98.872
3344,STnc920,Salmonella,99.968
3345,MicC,Salmonella,99.6953125
3346,STnc1380,Salmonella,93.6138613861386
3347,STnc1560,Salmonella,99.28125
3348,tp2,Salmonella,99.1825396825397
3349,STnc3130,Salmonella,97.2734375
3350,C0664,Salmonella,96.5
3351,STnc4010,Salmonella,98.1640625
3352,STnc1640,Salmonella,99.40625
3353,STnc3870,Salmonella,95.7890625
3354,RybA,Salmonella,99.6692913385827
3355,IstR‑1_2,Salmonella,99.7086614173228
3356,STnc3000,Salmonella,99.8203125
3357,SraL,Salmonella,99.3359375
3358,STnc850,Salmonella,99.359375
3359,STnc4180,Salmonella,98.21875
3360,STnc1670,Salmonella,99.8046875
3361,STnc1860,Salmonella,96.1640625
3362,STnc2100,Salmonella,98.1796875
3363,STnc1040,Salmonella,99.9365079365079
3364,OxyS,Salmonella,99.765625
3365,MicF,Salmonella,99.8515625
3366,DsrA,Salmonella,98.9609375
3367,STnc200,Salmonella,99.5625
3368,STnc880,Salmonella,99.8359375
3369,tpke70,Salmonella,99.0625
3370,STnc1340,Salmonella,99.8984375
3371,STnc3850,Salmonella,98.15625
3372,ChiX,Salmonella,99.9140625
3373,STnc2180,Salmonella,99.984375
3374,SroC,Salmonella,98.65625
3375,STnc4080,Salmonella,96.84375
3376,OmrB,Salmonella,99.75
3377,t44,Salmonella,99.6484375
3378,CyaR,Salmonella,99.9453125
3379,RyhB‑1,Salmonella,96.96875
3380,STnc2130,Salmonella,99.359375
3381,RprA,Salmonella,98.9375
3382,ArcZ,Salmonella,99.734375
3383,SraA,Salmonella,99.9375
3384,tpke11,Salmonella,99.953125
3385,SraF,Salmonella,99.5625
3386,STnc800,Salmonella,98.015625
3387,STnc790,Salmonella,97.4765625
3388,OmrA,Salmonella,99.9527559055118
3389,CsrB,Salmonella,99.78125
3390,FnrS,Salmonella,99.21875
3391,GlmZ,Salmonella,99.9375
3392,MicA,Salmonella,99.765625
3393,STnc870,Salmonella,99.9375
3394,SdsR,Salmonella,99.8671875
3395,SroG,Salmonella,99.953125
3396,SraG,Salmonella,99.5703125
3397,STnc700,Salmonella,99.75
3398,Spf,Salmonella,99
3399,GlmY,Salmonella,99.125
3400,GcvB,Salmonella,99.9375
